date,year,location,species,sex,length,fw_age,sw_age,meas_type
7/1/2015,2015,Salmon River (Pitka Fork),Chinook,female,887,1,4,Mid-eye to fork of tail
7/1/2015,2015,Salmon River (Pitka Fork),Chinook,male,538,1,2,Mid-eye to fork of tail
7/1/2015,2015,Salmon River (Pitka Fork),Chinook,female,785,1,4,Mid-eye to fork of tail
7/1/2015,2015,Salmon River (Pitka Fork),Chinook,male,905,,,Mid-eye to fork of tail
7/1/2015,2015,Salmon River (Pitka Fork),Chinook,female,845,1,4,Mid-eye to fork of tail
7/1/2015,2015,Salmon River (Pitka Fork),Chinook,female,725,1,3,Mid-eye to fork of tail
7/2/2015,2015,Salmon River (Pitka Fork),Chinook,male,775,1,4,Mid-eye to fork of tail
7/2/2015,2015,Salmon River (Pitka Fork),Chinook,male,870,1,4,Mid-eye to fork of tail
7/2/2015,2015,Salmon River (Pitka Fork),Chinook,female,845,1,4,Mid-eye to fork of tail
7/2/2015,2015,Salmon River (Pitka Fork),Chinook,female,815,1,4,Mid-eye to fork of tail
7/2/2015,2015,Salmon River (Pitka Fork),Chinook,female,830,1,4,Mid-eye to fork of tail
7/2/2015,2015,Salmon River (Pitka Fork),Chinook,male,770,1,4,Mid-eye to fork of tail
7/2/2015,2015,Salmon River (Pitka Fork),Chinook,female,875,1,4,Mid-eye to fork of tail
7/2/2015,2015,Salmon River (Pitka Fork),Chinook,female,850,,4,Mid-eye to fork of tail
7/2/2015,2015,Salmon River (Pitka Fork),Chinook,male,650,,3,Mid-eye to fork of tail
7/2/2015,2015,Salmon River (Pitka Fork),Chinook,male,680,,,Mid-eye to fork of tail
7/4/2015,2015,Salmon River (Pitka Fork),Chinook,male,715,1,3,Mid-eye to fork of tail
7/4/2015,2015,Salmon River (Pitka Fork),Chinook,female,775,1,4,Mid-eye to fork of tail
7/4/2015,2015,Salmon River (Pitka Fork),Chinook,female,790,,,Mid-eye to fork of tail
7/4/2015,2015,Salmon River (Pitka Fork),Chinook,male,785,1,3,Mid-eye to fork of tail
7/4/2015,2015,Salmon River (Pitka Fork),Chinook,male,725,1,3,Mid-eye to fork of tail
7/4/2015,2015,Salmon River (Pitka Fork),Chinook,male,850,1,4,Mid-eye to fork of tail
7/4/2015,2015,Salmon River (Pitka Fork),Chinook,male,780,1,4,Mid-eye to fork of tail
7/4/2015,2015,Salmon River (Pitka Fork),Chinook,male,765,1,3,Mid-eye to fork of tail
7/4/2015,2015,Salmon River (Pitka Fork),Chinook,male,805,1,4,Mid-eye to fork of tail
7/4/2015,2015,Salmon River (Pitka Fork),Chinook,male,760,1,3,Mid-eye to fork of tail
7/5/2015,2015,Salmon River (Pitka Fork),Chinook,female,835,1,4,Mid-eye to fork of tail
7/5/2015,2015,Salmon River (Pitka Fork),Chinook,female,805,1,3,Mid-eye to fork of tail
7/5/2015,2015,Salmon River (Pitka Fork),Chinook,male,540,1,2,Mid-eye to fork of tail
7/5/2015,2015,Salmon River (Pitka Fork),Chinook,female,765,1,3,Mid-eye to fork of tail
7/5/2015,2015,Salmon River (Pitka Fork),Chinook,male,790,1,4,Mid-eye to fork of tail
7/5/2015,2015,Salmon River (Pitka Fork),Chinook,male,810,1,4,Mid-eye to fork of tail
7/5/2015,2015,Salmon River (Pitka Fork),Chinook,male,905,1,4,Mid-eye to fork of tail
7/6/2015,2015,Salmon River (Pitka Fork),Chinook,male,925,1,4,Mid-eye to fork of tail
7/6/2015,2015,Salmon River (Pitka Fork),Chinook,female,770,1,3,Mid-eye to fork of tail
7/6/2015,2015,Salmon River (Pitka Fork),Chinook,male,705,1,4,Mid-eye to fork of tail
7/6/2015,2015,Salmon River (Pitka Fork),Chinook,female,790,1,4,Mid-eye to fork of tail
7/6/2015,2015,Salmon River (Pitka Fork),Chinook,male,865,1,3,Mid-eye to fork of tail
7/6/2015,2015,Salmon River (Pitka Fork),Chinook,female,770,1,3,Mid-eye to fork of tail
7/6/2015,2015,Salmon River (Pitka Fork),Chinook,male,495,,2,Mid-eye to fork of tail
7/6/2015,2015,Salmon River (Pitka Fork),Chinook,female,760,1,3,Mid-eye to fork of tail
7/6/2015,2015,Salmon River (Pitka Fork),Chinook,male,765,1,3,Mid-eye to fork of tail
7/6/2015,2015,Salmon River (Pitka Fork),Chinook,female,830,1,4,Mid-eye to fork of tail
7/6/2015,2015,Salmon River (Pitka Fork),Chinook,female,840,1,4,Mid-eye to fork of tail
7/6/2015,2015,Salmon River (Pitka Fork),Chinook,male,835,1,4,Mid-eye to fork of tail
7/6/2015,2015,Salmon River (Pitka Fork),Chinook,male,565,,2,Mid-eye to fork of tail
7/6/2015,2015,Salmon River (Pitka Fork),Chinook,female,810,1,4,Mid-eye to fork of tail
7/6/2015,2015,Salmon River (Pitka Fork),Chinook,male,840,,,Mid-eye to fork of tail
7/6/2015,2015,Salmon River (Pitka Fork),Chinook,female,770,1,4,Mid-eye to fork of tail
7/6/2015,2015,Salmon River (Pitka Fork),Chinook,female,855,1,3,Mid-eye to fork of tail
7/6/2015,2015,Salmon River (Pitka Fork),Chinook,male,710,1,3,Mid-eye to fork of tail
7/6/2015,2015,Salmon River (Pitka Fork),Chinook,male,525,1,2,Mid-eye to fork of tail
7/6/2015,2015,Salmon River (Pitka Fork),Chinook,female,630,1,3,Mid-eye to fork of tail
7/7/2015,2015,Salmon River (Pitka Fork),Chinook,female,720,1,3,Mid-eye to fork of tail
7/7/2015,2015,Salmon River (Pitka Fork),Chinook,female,505,1,2,Mid-eye to fork of tail
7/7/2015,2015,Salmon River (Pitka Fork),Chinook,female,805,1,4,Mid-eye to fork of tail
7/7/2015,2015,Salmon River (Pitka Fork),Chinook,male,560,1,3,Mid-eye to fork of tail
7/7/2015,2015,Salmon River (Pitka Fork),Chinook,male,765,1,4,Mid-eye to fork of tail
7/7/2015,2015,Salmon River (Pitka Fork),Chinook,male,675,1,3,Mid-eye to fork of tail
7/7/2015,2015,Salmon River (Pitka Fork),Chinook,female,855,1,4,Mid-eye to fork of tail
7/7/2015,2015,Salmon River (Pitka Fork),Chinook,male,750,1,3,Mid-eye to fork of tail
7/7/2015,2015,Salmon River (Pitka Fork),Chinook,male,620,1,4,Mid-eye to fork of tail
7/7/2015,2015,Salmon River (Pitka Fork),Chinook,female,800,1,3,Mid-eye to fork of tail
7/7/2015,2015,Salmon River (Pitka Fork),Chinook,female,785,1,4,Mid-eye to fork of tail
7/7/2015,2015,Salmon River (Pitka Fork),Chinook,male,875,1,4,Mid-eye to fork of tail
7/7/2015,2015,Salmon River (Pitka Fork),Chinook,male,725,1,3,Mid-eye to fork of tail
7/10/2015,2015,Salmon River (Pitka Fork),Chinook,male,495,1,2,Mid-eye to fork of tail
7/10/2015,2015,Salmon River (Pitka Fork),Chinook,male,685,1,3,Mid-eye to fork of tail
7/10/2015,2015,Salmon River (Pitka Fork),Chinook,male,690,1,3,Mid-eye to fork of tail
7/10/2015,2015,Salmon River (Pitka Fork),Chinook,female,815,1,4,Mid-eye to fork of tail
7/10/2015,2015,Salmon River (Pitka Fork),Chinook,female,700,1,3,Mid-eye to fork of tail
7/10/2015,2015,Salmon River (Pitka Fork),Chinook,male,545,1,2,Mid-eye to fork of tail
7/10/2015,2015,Salmon River (Pitka Fork),Chinook,female,705,1,4,Mid-eye to fork of tail
7/10/2015,2015,Salmon River (Pitka Fork),Chinook,female,710,1,3,Mid-eye to fork of tail
7/10/2015,2015,Salmon River (Pitka Fork),Chinook,male,525,1,2,Mid-eye to fork of tail
7/10/2015,2015,Salmon River (Pitka Fork),Chinook,male,545,1,2,Mid-eye to fork of tail
7/10/2015,2015,Salmon River (Pitka Fork),Chinook,male,510,1,2,Mid-eye to fork of tail
7/11/2015,2015,Salmon River (Pitka Fork),Chinook,male,645,1,3,Mid-eye to fork of tail
7/11/2015,2015,Salmon River (Pitka Fork),Chinook,male,585,1,2,Mid-eye to fork of tail
7/11/2015,2015,Salmon River (Pitka Fork),Chinook,male,570,,,Mid-eye to fork of tail
7/11/2015,2015,Salmon River (Pitka Fork),Chinook,male,875,1,4,Mid-eye to fork of tail
7/11/2015,2015,Salmon River (Pitka Fork),Chinook,male,612,,2,Mid-eye to fork of tail
7/11/2015,2015,Salmon River (Pitka Fork),Chinook,male,800,,4,Mid-eye to fork of tail
7/11/2015,2015,Salmon River (Pitka Fork),Chinook,male,735,1,3,Mid-eye to fork of tail
7/11/2015,2015,Salmon River (Pitka Fork),Chinook,male,868,,4,Mid-eye to fork of tail
7/11/2015,2015,Salmon River (Pitka Fork),Chinook,male,785,,,Mid-eye to fork of tail
7/11/2015,2015,Salmon River (Pitka Fork),Chinook,male,494,1,2,Mid-eye to fork of tail
7/11/2015,2015,Salmon River (Pitka Fork),Chinook,male,517,1,3,Mid-eye to fork of tail
7/11/2015,2015,Salmon River (Pitka Fork),Chinook,male,698,1,3,Mid-eye to fork of tail
7/11/2015,2015,Salmon River (Pitka Fork),Chinook,female,752,1,4,Mid-eye to fork of tail
7/11/2015,2015,Salmon River (Pitka Fork),Chinook,female,710,,4,Mid-eye to fork of tail
7/11/2015,2015,Salmon River (Pitka Fork),Chinook,female,755,1,4,Mid-eye to fork of tail
7/11/2015,2015,Salmon River (Pitka Fork),Chinook,male,805,1,3,Mid-eye to fork of tail
7/11/2015,2015,Salmon River (Pitka Fork),Chinook,female,845,1,4,Mid-eye to fork of tail
7/12/2015,2015,Salmon River (Pitka Fork),Chinook,male,780,,3,Mid-eye to fork of tail
7/12/2015,2015,Salmon River (Pitka Fork),Chinook,female,785,1,4,Mid-eye to fork of tail
7/12/2015,2015,Salmon River (Pitka Fork),Chinook,male,660,1,4,Mid-eye to fork of tail
7/12/2015,2015,Salmon River (Pitka Fork),Chinook,male,815,1,4,Mid-eye to fork of tail
7/12/2015,2015,Salmon River (Pitka Fork),Chinook,female,810,1,4,Mid-eye to fork of tail
7/12/2015,2015,Salmon River (Pitka Fork),Chinook,male,735,1,3,Mid-eye to fork of tail
7/12/2015,2015,Salmon River (Pitka Fork),Chinook,male,725,1,3,Mid-eye to fork of tail
7/12/2015,2015,Salmon River (Pitka Fork),Chinook,male,825,1,4,Mid-eye to fork of tail
7/12/2015,2015,Salmon River (Pitka Fork),Chinook,male,510,1,2,Mid-eye to fork of tail
7/12/2015,2015,Salmon River (Pitka Fork),Chinook,male,567,1,2,Mid-eye to fork of tail
7/12/2015,2015,Salmon River (Pitka Fork),Chinook,female,696,1,3,Mid-eye to fork of tail
7/12/2015,2015,Salmon River (Pitka Fork),Chinook,male,874,1,4,Mid-eye to fork of tail
7/12/2015,2015,Salmon River (Pitka Fork),Chinook,male,819,1,4,Mid-eye to fork of tail
7/12/2015,2015,Salmon River (Pitka Fork),Chinook,female,689,,3,Mid-eye to fork of tail
7/12/2015,2015,Salmon River (Pitka Fork),Chinook,male,703,1,3,Mid-eye to fork of tail
7/12/2015,2015,Salmon River (Pitka Fork),Chinook,female,755,,,Mid-eye to fork of tail
7/12/2015,2015,Salmon River (Pitka Fork),Chinook,male,549,1,2,Mid-eye to fork of tail
7/12/2015,2015,Salmon River (Pitka Fork),Chinook,male,555,1,2,Mid-eye to fork of tail
7/12/2015,2015,Salmon River (Pitka Fork),Chinook,male,571,,,Mid-eye to fork of tail
7/12/2015,2015,Salmon River (Pitka Fork),Chinook,male,568,,,Mid-eye to fork of tail
7/13/2015,2015,Salmon River (Pitka Fork),Chinook,female,806,1,4,Mid-eye to fork of tail
7/13/2015,2015,Salmon River (Pitka Fork),Chinook,male,912,,,Mid-eye to fork of tail
7/13/2015,2015,Salmon River (Pitka Fork),Chinook,female,521,1,2,Mid-eye to fork of tail
7/13/2015,2015,Salmon River (Pitka Fork),Chinook,male,804,1,3,Mid-eye to fork of tail
7/13/2015,2015,Salmon River (Pitka Fork),Chinook,female,813,1,4,Mid-eye to fork of tail
7/13/2015,2015,Salmon River (Pitka Fork),Chinook,male,832,,,Mid-eye to fork of tail
7/13/2015,2015,Salmon River (Pitka Fork),Chinook,male,884,1,4,Mid-eye to fork of tail
7/13/2015,2015,Salmon River (Pitka Fork),Chinook,female,811,1,4,Mid-eye to fork of tail
7/13/2015,2015,Salmon River (Pitka Fork),Chinook,female,777,,,Mid-eye to fork of tail
7/13/2015,2015,Salmon River (Pitka Fork),Chinook,male,777,1,4,Mid-eye to fork of tail
7/13/2015,2015,Salmon River (Pitka Fork),Chinook,female,794,,,Mid-eye to fork of tail
7/13/2015,2015,Salmon River (Pitka Fork),Chinook,female,786,1,4,Mid-eye to fork of tail
7/13/2015,2015,Salmon River (Pitka Fork),Chinook,male,532,1,3,Mid-eye to fork of tail
7/13/2015,2015,Salmon River (Pitka Fork),Chinook,male,742,1,3,Mid-eye to fork of tail
7/13/2015,2015,Salmon River (Pitka Fork),Chinook,male,539,1,2,Mid-eye to fork of tail
7/13/2015,2015,Salmon River (Pitka Fork),Chinook,female,710,1,3,Mid-eye to fork of tail
7/13/2015,2015,Salmon River (Pitka Fork),Chinook,male,595,1,2,Mid-eye to fork of tail
7/13/2015,2015,Salmon River (Pitka Fork),Chinook,female,809,1,4,Mid-eye to fork of tail
7/14/2015,2015,Salmon River (Pitka Fork),Chinook,male,538,1,2,Mid-eye to fork of tail
7/14/2015,2015,Salmon River (Pitka Fork),Chinook,female,829,1,4,Mid-eye to fork of tail
7/14/2015,2015,Salmon River (Pitka Fork),Chinook,female,865,1,4,Mid-eye to fork of tail
7/14/2015,2015,Salmon River (Pitka Fork),Chinook,male,686,,4,Mid-eye to fork of tail
7/14/2015,2015,Salmon River (Pitka Fork),Chinook,male,785,1,4,Mid-eye to fork of tail
7/14/2015,2015,Salmon River (Pitka Fork),Chinook,male,531,1,2,Mid-eye to fork of tail
7/14/2015,2015,Salmon River (Pitka Fork),Chinook,male,741,1,3,Mid-eye to fork of tail
7/14/2015,2015,Salmon River (Pitka Fork),Chinook,male,808,1,4,Mid-eye to fork of tail
7/14/2015,2015,Salmon River (Pitka Fork),Chinook,female,832,1,4,Mid-eye to fork of tail
7/14/2015,2015,Salmon River (Pitka Fork),Chinook,male,505,1,2,Mid-eye to fork of tail
7/14/2015,2015,Salmon River (Pitka Fork),Chinook,female,835,1,4,Mid-eye to fork of tail
7/14/2015,2015,Salmon River (Pitka Fork),Chinook,female,796,1,4,Mid-eye to fork of tail
7/14/2015,2015,Salmon River (Pitka Fork),Chinook,female,791,1,4,Mid-eye to fork of tail
7/14/2015,2015,Salmon River (Pitka Fork),Chinook,female,763,1,3,Mid-eye to fork of tail
7/14/2015,2015,Salmon River (Pitka Fork),Chinook,female,799,1,4,Mid-eye to fork of tail
7/16/2015,2015,Salmon River (Pitka Fork),Chinook,male,946,1,4,Mid-eye to fork of tail
7/16/2015,2015,Salmon River (Pitka Fork),Chinook,male,863,1,4,Mid-eye to fork of tail
7/16/2015,2015,Salmon River (Pitka Fork),Chinook,male,786,1,3,Mid-eye to fork of tail
7/16/2015,2015,Salmon River (Pitka Fork),Chinook,male,709,1,3,Mid-eye to fork of tail
7/16/2015,2015,Salmon River (Pitka Fork),Chinook,male,830,1,3,Mid-eye to fork of tail
7/16/2015,2015,Salmon River (Pitka Fork),Chinook,male,899,1,3,Mid-eye to fork of tail
7/16/2015,2015,Salmon River (Pitka Fork),Chinook,male,864,1,3,Mid-eye to fork of tail
7/16/2015,2015,Salmon River (Pitka Fork),Chinook,male,901,1,4,Mid-eye to fork of tail
7/16/2015,2015,Salmon River (Pitka Fork),Chinook,female,781,1,3,Mid-eye to fork of tail
7/16/2015,2015,Salmon River (Pitka Fork),Chinook,female,753,1,3,Mid-eye to fork of tail
7/16/2015,2015,Salmon River (Pitka Fork),Chinook,male,665,1,3,Mid-eye to fork of tail
7/16/2015,2015,Salmon River (Pitka Fork),Chinook,female,711,,,Mid-eye to fork of tail
7/16/2015,2015,Salmon River (Pitka Fork),Chinook,male,791,1,4,Mid-eye to fork of tail
7/16/2015,2015,Salmon River (Pitka Fork),Chinook,female,672,1,4,Mid-eye to fork of tail
7/17/2015,2015,Salmon River (Pitka Fork),Chinook,male,567,1,3,Mid-eye to fork of tail
7/17/2015,2015,Salmon River (Pitka Fork),Chinook,female,744,1,3,Mid-eye to fork of tail
7/17/2015,2015,Salmon River (Pitka Fork),Chinook,male,579,1,3,Mid-eye to fork of tail
7/17/2015,2015,Salmon River (Pitka Fork),Chinook,male,489,1,2,Mid-eye to fork of tail
7/17/2015,2015,Salmon River (Pitka Fork),Chinook,male,522,1,2,Mid-eye to fork of tail
7/17/2015,2015,Salmon River (Pitka Fork),Chinook,male,547,1,2,Mid-eye to fork of tail
7/17/2015,2015,Salmon River (Pitka Fork),Chinook,male,813,1,4,Mid-eye to fork of tail
7/17/2015,2015,Salmon River (Pitka Fork),Chinook,male,638,1,3,Mid-eye to fork of tail
7/17/2015,2015,Salmon River (Pitka Fork),Chinook,male,715,1,3,Mid-eye to fork of tail
7/17/2015,2015,Salmon River (Pitka Fork),Chinook,male,792,1,4,Mid-eye to fork of tail
7/20/2015,2015,Salmon River (Pitka Fork),Chinook,male,584,1,3,Mid-eye to fork of tail
7/20/2015,2015,Salmon River (Pitka Fork),Chinook,male,848,1,5,Mid-eye to fork of tail
7/20/2015,2015,Salmon River (Pitka Fork),Chinook,male,717,1,3,Mid-eye to fork of tail
7/20/2015,2015,Salmon River (Pitka Fork),Chinook,male,575,1,2,Mid-eye to fork of tail
7/20/2015,2015,Salmon River (Pitka Fork),Chinook,male,775,1,4,Mid-eye to fork of tail
7/20/2015,2015,Salmon River (Pitka Fork),Chinook,male,890,1,4,Mid-eye to fork of tail
7/20/2015,2015,Salmon River (Pitka Fork),Chinook,male,750,1,4,Mid-eye to fork of tail
7/20/2015,2015,Salmon River (Pitka Fork),Chinook,male,645,1,3,Mid-eye to fork of tail
7/20/2015,2015,Salmon River (Pitka Fork),Chinook,female,723,1,4,Mid-eye to fork of tail
7/21/2015,2015,Salmon River (Pitka Fork),Chinook,female,800,1,4,Mid-eye to fork of tail
7/21/2015,2015,Salmon River (Pitka Fork),Chinook,male,536,,,Mid-eye to fork of tail
7/21/2015,2015,Salmon River (Pitka Fork),Chinook,male,742,,,Mid-eye to fork of tail
7/21/2015,2015,Salmon River (Pitka Fork),Chinook,male,687,,3,Mid-eye to fork of tail
7/21/2015,2015,Salmon River (Pitka Fork),Chinook,male,726,,4,Mid-eye to fork of tail
7/21/2015,2015,Salmon River (Pitka Fork),Chinook,male,558,1,2,Mid-eye to fork of tail
7/21/2015,2015,Salmon River (Pitka Fork),Chinook,male,542,1,2,Mid-eye to fork of tail
7/21/2015,2015,Salmon River (Pitka Fork),Chinook,female,781,1,4,Mid-eye to fork of tail
7/21/2015,2015,Salmon River (Pitka Fork),Chinook,female,752,1,4,Mid-eye to fork of tail
7/22/2015,2015,Salmon River (Pitka Fork),Chinook,female,755,1,4,Mid-eye to fork of tail
7/22/2015,2015,Salmon River (Pitka Fork),Chinook,male,576,1,2,Mid-eye to fork of tail
7/22/2015,2015,Salmon River (Pitka Fork),Chinook,female,844,1,3,Mid-eye to fork of tail
7/22/2015,2015,Salmon River (Pitka Fork),Chinook,male,776,1,4,Mid-eye to fork of tail
7/22/2015,2015,Salmon River (Pitka Fork),Chinook,male,522,1,2,Mid-eye to fork of tail
7/22/2015,2015,Salmon River (Pitka Fork),Chinook,male,621,1,3,Mid-eye to fork of tail
7/22/2015,2015,Salmon River (Pitka Fork),Chinook,male,867,1,4,Mid-eye to fork of tail
7/22/2015,2015,Salmon River (Pitka Fork),Chinook,female,695,1,3,Mid-eye to fork of tail
7/22/2015,2015,Salmon River (Pitka Fork),Chinook,male,586,1,2,Mid-eye to fork of tail
7/22/2015,2015,Salmon River (Pitka Fork),Chinook,female,752,1,4,Mid-eye to fork of tail
7/23/2015,2015,Salmon River (Pitka Fork),Chinook,female,704,1,3,Mid-eye to fork of tail
7/23/2015,2015,Salmon River (Pitka Fork),Chinook,male,557,1,2,Mid-eye to fork of tail
7/23/2015,2015,Salmon River (Pitka Fork),Chinook,male,624,1,2,Mid-eye to fork of tail
7/23/2015,2015,Salmon River (Pitka Fork),Chinook,female,692,1,3,Mid-eye to fork of tail
7/23/2015,2015,Salmon River (Pitka Fork),Chinook,male,553,1,2,Mid-eye to fork of tail
7/23/2015,2015,Salmon River (Pitka Fork),Chinook,male,567,,3,Mid-eye to fork of tail
7/23/2015,2015,Salmon River (Pitka Fork),Chinook,female,809,1,4,Mid-eye to fork of tail
7/23/2015,2015,Salmon River (Pitka Fork),Chinook,female,759,1,4,Mid-eye to fork of tail
7/23/2015,2015,Salmon River (Pitka Fork),Chinook,female,722,,3,Mid-eye to fork of tail
7/23/2015,2015,Salmon River (Pitka Fork),Chinook,female,711,1,4,Mid-eye to fork of tail
7/23/2015,2015,Salmon River (Pitka Fork),Chinook,female,754,1,4,Mid-eye to fork of tail
7/23/2015,2015,Salmon River (Pitka Fork),Chinook,male,671,1,3,Mid-eye to fork of tail
7/23/2015,2015,Salmon River (Pitka Fork),Chinook,male,546,1,2,Mid-eye to fork of tail
7/23/2015,2015,Salmon River (Pitka Fork),Chinook,male,689,1,3,Mid-eye to fork of tail
7/23/2015,2015,Salmon River (Pitka Fork),Chinook,male,529,,2,Mid-eye to fork of tail
7/25/2015,2015,Salmon River (Pitka Fork),Chinook,male,726,1,3,Mid-eye to fork of tail
7/25/2015,2015,Salmon River (Pitka Fork),Chinook,male,915,1,5,Mid-eye to fork of tail
7/25/2015,2015,Salmon River (Pitka Fork),Chinook,female,765,,,Mid-eye to fork of tail
7/25/2015,2015,Salmon River (Pitka Fork),Chinook,male,704,1,3,Mid-eye to fork of tail
7/25/2015,2015,Salmon River (Pitka Fork),Chinook,male,855,1,4,Mid-eye to fork of tail
7/27/2015,2015,Salmon River (Pitka Fork),Chinook,male,533,1,2,Mid-eye to fork of tail
7/27/2015,2015,Salmon River (Pitka Fork),Chinook,male,761,1,3,Mid-eye to fork of tail
7/27/2015,2015,Salmon River (Pitka Fork),Chinook,female,897,1,4,Mid-eye to fork of tail
7/27/2015,2015,Salmon River (Pitka Fork),Chinook,male,544,1,2,Mid-eye to fork of tail
7/27/2015,2015,Salmon River (Pitka Fork),Chinook,male,536,1,2,Mid-eye to fork of tail
7/28/2015,2015,Salmon River (Pitka Fork),Chinook,female,829,1,4,Mid-eye to fork of tail
7/28/2015,2015,Salmon River (Pitka Fork),Chinook,male,556,1,2,Mid-eye to fork of tail
7/28/2015,2015,Salmon River (Pitka Fork),Chinook,male,499,1,2,Mid-eye to fork of tail
7/28/2015,2015,Salmon River (Pitka Fork),Chinook,female,720,1,4,Mid-eye to fork of tail
7/28/2015,2015,Salmon River (Pitka Fork),Chinook,male,597,,2,Mid-eye to fork of tail
6/25/2016,2016,Salmon River (Pitka Fork),Chinook,female,727,1,3,Mid-eye to fork of tail
6/25/2016,2016,Salmon River (Pitka Fork),Chinook,male,628,1,3,Mid-eye to fork of tail
6/25/2016,2016,Salmon River (Pitka Fork),Chinook,female,676,1,3,Mid-eye to fork of tail
6/28/2016,2016,Salmon River (Pitka Fork),Chinook,female,756,1,3,Mid-eye to fork of tail
6/28/2016,2016,Salmon River (Pitka Fork),Chinook,female,766,1,4,Mid-eye to fork of tail
6/28/2016,2016,Salmon River (Pitka Fork),Chinook,female,754,1,4,Mid-eye to fork of tail
6/29/2016,2016,Salmon River (Pitka Fork),Chinook,female,739,1,3,Mid-eye to fork of tail
6/29/2016,2016,Salmon River (Pitka Fork),Chinook,male,667,1,3,Mid-eye to fork of tail
6/29/2016,2016,Salmon River (Pitka Fork),Chinook,female,890,,4,Mid-eye to fork of tail
6/29/2016,2016,Salmon River (Pitka Fork),Chinook,female,779,,3,Mid-eye to fork of tail
6/29/2016,2016,Salmon River (Pitka Fork),Chinook,male,550,1,2,Mid-eye to fork of tail
6/29/2016,2016,Salmon River (Pitka Fork),Chinook,female,815,1,4,Mid-eye to fork of tail
6/29/2016,2016,Salmon River (Pitka Fork),Chinook,male,754,1,3,Mid-eye to fork of tail
6/29/2016,2016,Salmon River (Pitka Fork),Chinook,female,762,1,3,Mid-eye to fork of tail
6/30/2016,2016,Salmon River (Pitka Fork),Chinook,male,566,1,2,Mid-eye to fork of tail
6/30/2016,2016,Salmon River (Pitka Fork),Chinook,female,694,1,3,Mid-eye to fork of tail
6/30/2016,2016,Salmon River (Pitka Fork),Chinook,female,725,1,4,Mid-eye to fork of tail
6/30/2016,2016,Salmon River (Pitka Fork),Chinook,female,818,1,4,Mid-eye to fork of tail
6/30/2016,2016,Salmon River (Pitka Fork),Chinook,female,779,1,4,Mid-eye to fork of tail
7/1/2016,2016,Salmon River (Pitka Fork),Chinook,male,862,,,Mid-eye to fork of tail
7/1/2016,2016,Salmon River (Pitka Fork),Chinook,male,779,1,3,Mid-eye to fork of tail
7/1/2016,2016,Salmon River (Pitka Fork),Chinook,male,705,1,3,Mid-eye to fork of tail
7/1/2016,2016,Salmon River (Pitka Fork),Chinook,female,705,,3,Mid-eye to fork of tail
7/1/2016,2016,Salmon River (Pitka Fork),Chinook,male,889,,4,Mid-eye to fork of tail
7/1/2016,2016,Salmon River (Pitka Fork),Chinook,female,767,1,3,Mid-eye to fork of tail
7/1/2016,2016,Salmon River (Pitka Fork),Chinook,female,784,1,4,Mid-eye to fork of tail
7/2/2016,2016,Salmon River (Pitka Fork),Chinook,male,718,1,3,Mid-eye to fork of tail
7/2/2016,2016,Salmon River (Pitka Fork),Chinook,female,733,1,3,Mid-eye to fork of tail
7/2/2016,2016,Salmon River (Pitka Fork),Chinook,male,640,1,3,Mid-eye to fork of tail
7/2/2016,2016,Salmon River (Pitka Fork),Chinook,male,735,1,3,Mid-eye to fork of tail
7/2/2016,2016,Salmon River (Pitka Fork),Chinook,male,785,1,3,Mid-eye to fork of tail
7/2/2016,2016,Salmon River (Pitka Fork),Chinook,male,732,1,3,Mid-eye to fork of tail
7/2/2016,2016,Salmon River (Pitka Fork),Chinook,female,823,1,4,Mid-eye to fork of tail
7/2/2016,2016,Salmon River (Pitka Fork),Chinook,female,728,1,3,Mid-eye to fork of tail
7/2/2016,2016,Salmon River (Pitka Fork),Chinook,female,796,1,4,Mid-eye to fork of tail
7/2/2016,2016,Salmon River (Pitka Fork),Chinook,female,711,1,3,Mid-eye to fork of tail
7/3/2016,2016,Salmon River (Pitka Fork),Chinook,female,795,1,3,Mid-eye to fork of tail
7/3/2016,2016,Salmon River (Pitka Fork),Chinook,male,522,1,2,Mid-eye to fork of tail
7/3/2016,2016,Salmon River (Pitka Fork),Chinook,female,802,1,4,Mid-eye to fork of tail
7/3/2016,2016,Salmon River (Pitka Fork),Chinook,male,501,1,2,Mid-eye to fork of tail
7/3/2016,2016,Salmon River (Pitka Fork),Chinook,female,830,1,4,Mid-eye to fork of tail
7/3/2016,2016,Salmon River (Pitka Fork),Chinook,male,592,1,2,Mid-eye to fork of tail
7/3/2016,2016,Salmon River (Pitka Fork),Chinook,male,830,1,3,Mid-eye to fork of tail
7/3/2016,2016,Salmon River (Pitka Fork),Chinook,male,704,1,3,Mid-eye to fork of tail
7/3/2016,2016,Salmon River (Pitka Fork),Chinook,female,699,1,3,Mid-eye to fork of tail
7/3/2016,2016,Salmon River (Pitka Fork),Chinook,female,848,1,4,Mid-eye to fork of tail
7/3/2016,2016,Salmon River (Pitka Fork),Chinook,female,651,1,3,Mid-eye to fork of tail
7/3/2016,2016,Salmon River (Pitka Fork),Chinook,female,728,1,3,Mid-eye to fork of tail
7/3/2016,2016,Salmon River (Pitka Fork),Chinook,female,683,,3,Mid-eye to fork of tail
7/4/2016,2016,Salmon River (Pitka Fork),Chinook,female,682,1,3,Mid-eye to fork of tail
7/4/2016,2016,Salmon River (Pitka Fork),Chinook,male,767,1,3,Mid-eye to fork of tail
7/4/2016,2016,Salmon River (Pitka Fork),Chinook,male,759,1,3,Mid-eye to fork of tail
7/4/2016,2016,Salmon River (Pitka Fork),Chinook,female,754,1,3,Mid-eye to fork of tail
7/4/2016,2016,Salmon River (Pitka Fork),Chinook,female,773,1,4,Mid-eye to fork of tail
7/4/2016,2016,Salmon River (Pitka Fork),Chinook,female,711,1,4,Mid-eye to fork of tail
7/4/2016,2016,Salmon River (Pitka Fork),Chinook,male,508,,2,Mid-eye to fork of tail
7/4/2016,2016,Salmon River (Pitka Fork),Chinook,male,727,1,3,Mid-eye to fork of tail
7/4/2016,2016,Salmon River (Pitka Fork),Chinook,male,683,1,3,Mid-eye to fork of tail
7/4/2016,2016,Salmon River (Pitka Fork),Chinook,female,831,1,4,Mid-eye to fork of tail
7/4/2016,2016,Salmon River (Pitka Fork),Chinook,female,859,1,4,Mid-eye to fork of tail
7/5/2016,2016,Salmon River (Pitka Fork),Chinook,male,728,1,3,Mid-eye to fork of tail
7/5/2016,2016,Salmon River (Pitka Fork),Chinook,male,741,1,3,Mid-eye to fork of tail
7/5/2016,2016,Salmon River (Pitka Fork),Chinook,male,684,1,3,Mid-eye to fork of tail
7/5/2016,2016,Salmon River (Pitka Fork),Chinook,male,703,1,3,Mid-eye to fork of tail
7/5/2016,2016,Salmon River (Pitka Fork),Chinook,male,750,1,2,Mid-eye to fork of tail
7/5/2016,2016,Salmon River (Pitka Fork),Chinook,male,780,1,3,Mid-eye to fork of tail
7/5/2016,2016,Salmon River (Pitka Fork),Chinook,male,747,1,2,Mid-eye to fork of tail
7/5/2016,2016,Salmon River (Pitka Fork),Chinook,female,709,1,3,Mid-eye to fork of tail
7/5/2016,2016,Salmon River (Pitka Fork),Chinook,male,762,1,3,Mid-eye to fork of tail
7/6/2016,2016,Salmon River (Pitka Fork),Chinook,male,695,1,3,Mid-eye to fork of tail
7/6/2016,2016,Salmon River (Pitka Fork),Chinook,male,770,1,3,Mid-eye to fork of tail
7/6/2016,2016,Salmon River (Pitka Fork),Chinook,male,615,1,4,Mid-eye to fork of tail
7/6/2016,2016,Salmon River (Pitka Fork),Chinook,female,823,1,4,Mid-eye to fork of tail
7/6/2016,2016,Salmon River (Pitka Fork),Chinook,male,810,1,3,Mid-eye to fork of tail
7/6/2016,2016,Salmon River (Pitka Fork),Chinook,female,710,1,3,Mid-eye to fork of tail
7/6/2016,2016,Salmon River (Pitka Fork),Chinook,female,795,1,4,Mid-eye to fork of tail
7/6/2016,2016,Salmon River (Pitka Fork),Chinook,male,832,1,4,Mid-eye to fork of tail
7/6/2016,2016,Salmon River (Pitka Fork),Chinook,female,671,1,3,Mid-eye to fork of tail
7/6/2016,2016,Salmon River (Pitka Fork),Chinook,male,753,1,3,Mid-eye to fork of tail
7/7/2016,2016,Salmon River (Pitka Fork),Chinook,male,763,1,3,Mid-eye to fork of tail
7/7/2016,2016,Salmon River (Pitka Fork),Chinook,female,700,1,3,Mid-eye to fork of tail
7/7/2016,2016,Salmon River (Pitka Fork),Chinook,male,680,1,3,Mid-eye to fork of tail
7/7/2016,2016,Salmon River (Pitka Fork),Chinook,female,767,1,3,Mid-eye to fork of tail
7/7/2016,2016,Salmon River (Pitka Fork),Chinook,female,753,1,3,Mid-eye to fork of tail
7/7/2016,2016,Salmon River (Pitka Fork),Chinook,female,793,,3,Mid-eye to fork of tail
7/7/2016,2016,Salmon River (Pitka Fork),Chinook,male,790,1,3,Mid-eye to fork of tail
7/7/2016,2016,Salmon River (Pitka Fork),Chinook,male,727,1,3,Mid-eye to fork of tail
7/7/2016,2016,Salmon River (Pitka Fork),Chinook,female,753,1,4,Mid-eye to fork of tail
7/7/2016,2016,Salmon River (Pitka Fork),Chinook,female,773,1,3,Mid-eye to fork of tail
7/7/2016,2016,Salmon River (Pitka Fork),Chinook,male,732,1,2,Mid-eye to fork of tail
7/10/2016,2016,Salmon River (Pitka Fork),Chinook,female,802,1,4,Mid-eye to fork of tail
7/10/2016,2016,Salmon River (Pitka Fork),Chinook,female,717,1,3,Mid-eye to fork of tail
7/10/2016,2016,Salmon River (Pitka Fork),Chinook,male,505,1,2,Mid-eye to fork of tail
7/10/2016,2016,Salmon River (Pitka Fork),Chinook,female,697,1,3,Mid-eye to fork of tail
7/10/2016,2016,Salmon River (Pitka Fork),Chinook,female,759,1,3,Mid-eye to fork of tail
7/10/2016,2016,Salmon River (Pitka Fork),Chinook,female,913,1,4,Mid-eye to fork of tail
7/10/2016,2016,Salmon River (Pitka Fork),Chinook,male,663,1,3,Mid-eye to fork of tail
7/10/2016,2016,Salmon River (Pitka Fork),Chinook,female,772,,3,Mid-eye to fork of tail
7/10/2016,2016,Salmon River (Pitka Fork),Chinook,female,715,1,3,Mid-eye to fork of tail
7/10/2016,2016,Salmon River (Pitka Fork),Chinook,male,610,1,2,Mid-eye to fork of tail
7/10/2016,2016,Salmon River (Pitka Fork),Chinook,male,784,1,3,Mid-eye to fork of tail
7/10/2016,2016,Salmon River (Pitka Fork),Chinook,male,722,1,4,Mid-eye to fork of tail
7/10/2016,2016,Salmon River (Pitka Fork),Chinook,male,756,1,3,Mid-eye to fork of tail
7/10/2016,2016,Salmon River (Pitka Fork),Chinook,male,725,1,3,Mid-eye to fork of tail
7/10/2016,2016,Salmon River (Pitka Fork),Chinook,male,739,1,3,Mid-eye to fork of tail
7/10/2016,2016,Salmon River (Pitka Fork),Chinook,female,807,1,4,Mid-eye to fork of tail
7/10/2016,2016,Salmon River (Pitka Fork),Chinook,male,733,,4,Mid-eye to fork of tail
7/10/2016,2016,Salmon River (Pitka Fork),Chinook,male,672,1,3,Mid-eye to fork of tail
7/10/2016,2016,Salmon River (Pitka Fork),Chinook,male,863,1,4,Mid-eye to fork of tail
7/10/2016,2016,Salmon River (Pitka Fork),Chinook,female,720,1,3,Mid-eye to fork of tail
7/11/2016,2016,Salmon River (Pitka Fork),Chinook,male,741,1,3,Mid-eye to fork of tail
7/11/2016,2016,Salmon River (Pitka Fork),Chinook,male,926,1,4,Mid-eye to fork of tail
7/11/2016,2016,Salmon River (Pitka Fork),Chinook,female,763,,,Mid-eye to fork of tail
7/11/2016,2016,Salmon River (Pitka Fork),Chinook,female,745,1,3,Mid-eye to fork of tail
7/11/2016,2016,Salmon River (Pitka Fork),Chinook,female,696,1,3,Mid-eye to fork of tail
7/11/2016,2016,Salmon River (Pitka Fork),Chinook,female,783,1,3,Mid-eye to fork of tail
7/11/2016,2016,Salmon River (Pitka Fork),Chinook,male,772,1,3,Mid-eye to fork of tail
7/11/2016,2016,Salmon River (Pitka Fork),Chinook,male,691,1,3,Mid-eye to fork of tail
7/11/2016,2016,Salmon River (Pitka Fork),Chinook,male,633,1,3,Mid-eye to fork of tail
7/11/2016,2016,Salmon River (Pitka Fork),Chinook,male,774,,,Mid-eye to fork of tail
7/11/2016,2016,Salmon River (Pitka Fork),Chinook,female,810,1,4,Mid-eye to fork of tail
7/11/2016,2016,Salmon River (Pitka Fork),Chinook,female,710,1,3,Mid-eye to fork of tail
7/11/2016,2016,Salmon River (Pitka Fork),Chinook,female,756,,3,Mid-eye to fork of tail
7/11/2016,2016,Salmon River (Pitka Fork),Chinook,female,745,1,3,Mid-eye to fork of tail
7/11/2016,2016,Salmon River (Pitka Fork),Chinook,female,799,1,4,Mid-eye to fork of tail
7/11/2016,2016,Salmon River (Pitka Fork),Chinook,female,720,1,3,Mid-eye to fork of tail
7/11/2016,2016,Salmon River (Pitka Fork),Chinook,male,705,,,Mid-eye to fork of tail
7/11/2016,2016,Salmon River (Pitka Fork),Chinook,male,750,1,3,Mid-eye to fork of tail
7/11/2016,2016,Salmon River (Pitka Fork),Chinook,female,820,1,4,Mid-eye to fork of tail
7/11/2016,2016,Salmon River (Pitka Fork),Chinook,male,541,1,2,Mid-eye to fork of tail
7/11/2016,2016,Salmon River (Pitka Fork),Chinook,male,613,1,3,Mid-eye to fork of tail
7/11/2016,2016,Salmon River (Pitka Fork),Chinook,male,725,1,3,Mid-eye to fork of tail
7/12/2016,2016,Salmon River (Pitka Fork),Chinook,male,690,1,3,Mid-eye to fork of tail
7/12/2016,2016,Salmon River (Pitka Fork),Chinook,female,689,1,3,Mid-eye to fork of tail
7/12/2016,2016,Salmon River (Pitka Fork),Chinook,female,795,1,4,Mid-eye to fork of tail
7/12/2016,2016,Salmon River (Pitka Fork),Chinook,female,658,1,3,Mid-eye to fork of tail
7/13/2016,2016,Salmon River (Pitka Fork),Chinook,male,594,1,3,Mid-eye to fork of tail
7/13/2016,2016,Salmon River (Pitka Fork),Chinook,female,740,,,Mid-eye to fork of tail
7/13/2016,2016,Salmon River (Pitka Fork),Chinook,male,757,1,4,Mid-eye to fork of tail
7/13/2016,2016,Salmon River (Pitka Fork),Chinook,female,743,2,3,Mid-eye to fork of tail
7/13/2016,2016,Salmon River (Pitka Fork),Chinook,male,747,1,3,Mid-eye to fork of tail
7/13/2016,2016,Salmon River (Pitka Fork),Chinook,female,745,1,3,Mid-eye to fork of tail
7/13/2016,2016,Salmon River (Pitka Fork),Chinook,male,707,1,3,Mid-eye to fork of tail
7/13/2016,2016,Salmon River (Pitka Fork),Chinook,female,668,1,3,Mid-eye to fork of tail
7/13/2016,2016,Salmon River (Pitka Fork),Chinook,male,648,1,3,Mid-eye to fork of tail
7/13/2016,2016,Salmon River (Pitka Fork),Chinook,male,680,1,3,Mid-eye to fork of tail
7/14/2016,2016,Salmon River (Pitka Fork),Chinook,female,766,1,3,Mid-eye to fork of tail
7/14/2016,2016,Salmon River (Pitka Fork),Chinook,male,677,1,3,Mid-eye to fork of tail
7/14/2016,2016,Salmon River (Pitka Fork),Chinook,female,675,1,3,Mid-eye to fork of tail
7/14/2016,2016,Salmon River (Pitka Fork),Chinook,male,814,1,3,Mid-eye to fork of tail
7/14/2016,2016,Salmon River (Pitka Fork),Chinook,male,755,,3,Mid-eye to fork of tail
7/14/2016,2016,Salmon River (Pitka Fork),Chinook,male,611,1,3,Mid-eye to fork of tail
7/14/2016,2016,Salmon River (Pitka Fork),Chinook,female,720,1,3,Mid-eye to fork of tail
7/14/2016,2016,Salmon River (Pitka Fork),Chinook,female,647,1,3,Mid-eye to fork of tail
7/14/2016,2016,Salmon River (Pitka Fork),Chinook,male,635,1,3,Mid-eye to fork of tail
7/14/2016,2016,Salmon River (Pitka Fork),Chinook,female,772,1,3,Mid-eye to fork of tail
7/15/2016,2016,Salmon River (Pitka Fork),Chinook,male,632,1,3,Mid-eye to fork of tail
7/15/2016,2016,Salmon River (Pitka Fork),Chinook,female,667,,,Mid-eye to fork of tail
7/15/2016,2016,Salmon River (Pitka Fork),Chinook,female,660,1,3,Mid-eye to fork of tail
7/15/2016,2016,Salmon River (Pitka Fork),Chinook,male,517,1,2,Mid-eye to fork of tail
7/15/2016,2016,Salmon River (Pitka Fork),Chinook,male,554,1,2,Mid-eye to fork of tail
7/15/2016,2016,Salmon River (Pitka Fork),Chinook,female,718,1,3,Mid-eye to fork of tail
7/15/2016,2016,Salmon River (Pitka Fork),Chinook,male,528,1,2,Mid-eye to fork of tail
7/15/2016,2016,Salmon River (Pitka Fork),Chinook,male,640,1,3,Mid-eye to fork of tail
7/15/2016,2016,Salmon River (Pitka Fork),Chinook,male,751,,3,Mid-eye to fork of tail
7/15/2016,2016,Salmon River (Pitka Fork),Chinook,male,668,1,3,Mid-eye to fork of tail
7/15/2016,2016,Salmon River (Pitka Fork),Chinook,female,739,1,4,Mid-eye to fork of tail
7/15/2016,2016,Salmon River (Pitka Fork),Chinook,female,666,1,3,Mid-eye to fork of tail
7/16/2016,2016,Salmon River (Pitka Fork),Chinook,female,725,1,3,Mid-eye to fork of tail
7/16/2016,2016,Salmon River (Pitka Fork),Chinook,female,737,1,3,Mid-eye to fork of tail
7/16/2016,2016,Salmon River (Pitka Fork),Chinook,male,818,1,3,Mid-eye to fork of tail
7/16/2016,2016,Salmon River (Pitka Fork),Chinook,male,660,1,3,Mid-eye to fork of tail
7/16/2016,2016,Salmon River (Pitka Fork),Chinook,female,857,1,4,Mid-eye to fork of tail
7/16/2016,2016,Salmon River (Pitka Fork),Chinook,male,445,1,2,Mid-eye to fork of tail
7/16/2016,2016,Salmon River (Pitka Fork),Chinook,male,505,1,2,Mid-eye to fork of tail
7/16/2016,2016,Salmon River (Pitka Fork),Chinook,female,803,1,4,Mid-eye to fork of tail
7/16/2016,2016,Salmon River (Pitka Fork),Chinook,male,612,,,Mid-eye to fork of tail
7/16/2016,2016,Salmon River (Pitka Fork),Chinook,female,775,1,3,Mid-eye to fork of tail
7/16/2016,2016,Salmon River (Pitka Fork),Chinook,female,760,1,3,Mid-eye to fork of tail
7/16/2016,2016,Salmon River (Pitka Fork),Chinook,male,451,,,Mid-eye to fork of tail
7/17/2016,2016,Salmon River (Pitka Fork),Chinook,male,770,1,4,Mid-eye to fork of tail
7/17/2016,2016,Salmon River (Pitka Fork),Chinook,female,731,1,3,Mid-eye to fork of tail
7/17/2016,2016,Salmon River (Pitka Fork),Chinook,male,656,1,3,Mid-eye to fork of tail
7/17/2016,2016,Salmon River (Pitka Fork),Chinook,male,823,1,3,Mid-eye to fork of tail
7/17/2016,2016,Salmon River (Pitka Fork),Chinook,male,732,1,3,Mid-eye to fork of tail
7/17/2016,2016,Salmon River (Pitka Fork),Chinook,female,667,1,4,Mid-eye to fork of tail
7/17/2016,2016,Salmon River (Pitka Fork),Chinook,male,811,1,3,Mid-eye to fork of tail
7/17/2016,2016,Salmon River (Pitka Fork),Chinook,female,700,,4,Mid-eye to fork of tail
7/17/2016,2016,Salmon River (Pitka Fork),Chinook,female,674,1,3,Mid-eye to fork of tail
7/17/2016,2016,Salmon River (Pitka Fork),Chinook,female,673,1,3,Mid-eye to fork of tail
7/17/2016,2016,Salmon River (Pitka Fork),Chinook,female,732,1,2,Mid-eye to fork of tail
7/17/2016,2016,Salmon River (Pitka Fork),Chinook,male,676,1,2,Mid-eye to fork of tail
7/18/2016,2016,Salmon River (Pitka Fork),Chinook,female,705,1,3,Mid-eye to fork of tail
7/18/2016,2016,Salmon River (Pitka Fork),Chinook,female,771,1,4,Mid-eye to fork of tail
7/18/2016,2016,Salmon River (Pitka Fork),Chinook,male,737,1,3,Mid-eye to fork of tail
7/18/2016,2016,Salmon River (Pitka Fork),Chinook,male,788,1,4,Mid-eye to fork of tail
7/18/2016,2016,Salmon River (Pitka Fork),Chinook,male,733,1,3,Mid-eye to fork of tail
7/18/2016,2016,Salmon River (Pitka Fork),Chinook,female,740,1,4,Mid-eye to fork of tail
7/18/2016,2016,Salmon River (Pitka Fork),Chinook,male,710,1,3,Mid-eye to fork of tail
7/18/2016,2016,Salmon River (Pitka Fork),Chinook,male,620,1,3,Mid-eye to fork of tail
7/18/2016,2016,Salmon River (Pitka Fork),Chinook,female,775,1,4,Mid-eye to fork of tail
7/18/2016,2016,Salmon River (Pitka Fork),Chinook,male,700,,3,Mid-eye to fork of tail
7/18/2016,2016,Salmon River (Pitka Fork),Chinook,female,671,,3,Mid-eye to fork of tail
7/19/2016,2016,Salmon River (Pitka Fork),Chinook,male,468,1,2,Mid-eye to fork of tail
7/19/2016,2016,Salmon River (Pitka Fork),Chinook,female,686,1,3,Mid-eye to fork of tail
7/19/2016,2016,Salmon River (Pitka Fork),Chinook,male,634,1,3,Mid-eye to fork of tail
7/19/2016,2016,Salmon River (Pitka Fork),Chinook,male,760,1,3,Mid-eye to fork of tail
7/19/2016,2016,Salmon River (Pitka Fork),Chinook,male,813,1,4,Mid-eye to fork of tail
7/19/2016,2016,Salmon River (Pitka Fork),Chinook,female,745,1,4,Mid-eye to fork of tail
7/19/2016,2016,Salmon River (Pitka Fork),Chinook,female,745,1,3,Mid-eye to fork of tail
7/19/2016,2016,Salmon River (Pitka Fork),Chinook,female,705,1,3,Mid-eye to fork of tail
7/19/2016,2016,Salmon River (Pitka Fork),Chinook,male,641,1,3,Mid-eye to fork of tail
7/19/2016,2016,Salmon River (Pitka Fork),Chinook,male,717,1,3,Mid-eye to fork of tail
7/19/2016,2016,Salmon River (Pitka Fork),Chinook,male,712,1,3,Mid-eye to fork of tail
7/19/2016,2016,Salmon River (Pitka Fork),Chinook,male,654,1,3,Mid-eye to fork of tail
7/19/2016,2016,Salmon River (Pitka Fork),Chinook,female,663,1,3,Mid-eye to fork of tail
7/20/2016,2016,Salmon River (Pitka Fork),Chinook,female,781,1,4,Mid-eye to fork of tail
7/20/2016,2016,Salmon River (Pitka Fork),Chinook,female,753,1,4,Mid-eye to fork of tail
7/20/2016,2016,Salmon River (Pitka Fork),Chinook,male,680,1,3,Mid-eye to fork of tail
7/20/2016,2016,Salmon River (Pitka Fork),Chinook,male,653,1,3,Mid-eye to fork of tail
7/20/2016,2016,Salmon River (Pitka Fork),Chinook,male,784,1,4,Mid-eye to fork of tail
7/20/2016,2016,Salmon River (Pitka Fork),Chinook,female,847,1,4,Mid-eye to fork of tail
7/20/2016,2016,Salmon River (Pitka Fork),Chinook,female,873,1,4,Mid-eye to fork of tail
7/20/2016,2016,Salmon River (Pitka Fork),Chinook,female,708,1,3,Mid-eye to fork of tail
7/20/2016,2016,Salmon River (Pitka Fork),Chinook,male,680,1,3,Mid-eye to fork of tail
7/20/2016,2016,Salmon River (Pitka Fork),Chinook,male,656,1,3,Mid-eye to fork of tail
7/20/2016,2016,Salmon River (Pitka Fork),Chinook,female,730,1,3,Mid-eye to fork of tail
7/21/2016,2016,Salmon River (Pitka Fork),Chinook,male,738,1,3,Mid-eye to fork of tail
7/21/2016,2016,Salmon River (Pitka Fork),Chinook,female,794,1,4,Mid-eye to fork of tail
7/21/2016,2016,Salmon River (Pitka Fork),Chinook,female,857,1,4,Mid-eye to fork of tail
7/21/2016,2016,Salmon River (Pitka Fork),Chinook,female,644,1,3,Mid-eye to fork of tail
7/21/2016,2016,Salmon River (Pitka Fork),Chinook,male,702,1,3,Mid-eye to fork of tail
7/21/2016,2016,Salmon River (Pitka Fork),Chinook,female,741,,3,Mid-eye to fork of tail
7/21/2016,2016,Salmon River (Pitka Fork),Chinook,male,643,1,2,Mid-eye to fork of tail
7/21/2016,2016,Salmon River (Pitka Fork),Chinook,male,604,1,2,Mid-eye to fork of tail
7/22/2016,2016,Salmon River (Pitka Fork),Chinook,female,790,1,4,Mid-eye to fork of tail
7/22/2016,2016,Salmon River (Pitka Fork),Chinook,female,745,1,3,Mid-eye to fork of tail
7/22/2016,2016,Salmon River (Pitka Fork),Chinook,male,746,1,3,Mid-eye to fork of tail
7/23/2016,2016,Salmon River (Pitka Fork),Chinook,female,713,1,3,Mid-eye to fork of tail
7/23/2016,2016,Salmon River (Pitka Fork),Chinook,female,592,1,3,Mid-eye to fork of tail
7/23/2016,2016,Salmon River (Pitka Fork),Chinook,male,569,1,2,Mid-eye to fork of tail
7/23/2016,2016,Salmon River (Pitka Fork),Chinook,female,882,1,4,Mid-eye to fork of tail
7/23/2016,2016,Salmon River (Pitka Fork),Chinook,female,743,1,4,Mid-eye to fork of tail
7/23/2016,2016,Salmon River (Pitka Fork),Chinook,female,732,1,4,Mid-eye to fork of tail
7/24/2016,2016,Salmon River (Pitka Fork),Chinook,female,762,1,3,Mid-eye to fork of tail
7/24/2016,2016,Salmon River (Pitka Fork),Chinook,female,707,1,3,Mid-eye to fork of tail
7/24/2016,2016,Salmon River (Pitka Fork),Chinook,male,613,1,3,Mid-eye to fork of tail
7/24/2016,2016,Salmon River (Pitka Fork),Chinook,female,747,1,3,Mid-eye to fork of tail
7/24/2016,2016,Salmon River (Pitka Fork),Chinook,female,701,1,2,Mid-eye to fork of tail
7/24/2016,2016,Salmon River (Pitka Fork),Chinook,male,614,2,2,Mid-eye to fork of tail
7/25/2016,2016,Salmon River (Pitka Fork),Chinook,female,810,1,4,Mid-eye to fork of tail
7/25/2016,2016,Salmon River (Pitka Fork),Chinook,female,723,1,3,Mid-eye to fork of tail
7/25/2016,2016,Salmon River (Pitka Fork),Chinook,female,689,1,3,Mid-eye to fork of tail
7/25/2016,2016,Salmon River (Pitka Fork),Chinook,female,734,1,3,Mid-eye to fork of tail
7/25/2016,2016,Salmon River (Pitka Fork),Chinook,male,780,1,4,Mid-eye to fork of tail
7/25/2016,2016,Salmon River (Pitka Fork),Chinook,male,626,,3,Mid-eye to fork of tail
7/25/2016,2016,Salmon River (Pitka Fork),Chinook,female,720,1,4,Mid-eye to fork of tail
7/25/2016,2016,Salmon River (Pitka Fork),Chinook,female,754,1,3,Mid-eye to fork of tail
7/26/2016,2016,Salmon River (Pitka Fork),Chinook,male,555,1,2,Mid-eye to fork of tail
7/26/2016,2016,Salmon River (Pitka Fork),Chinook,female,713,1,3,Mid-eye to fork of tail
7/26/2016,2016,Salmon River (Pitka Fork),Chinook,male,660,1,4,Mid-eye to fork of tail
7/26/2016,2016,Salmon River (Pitka Fork),Chinook,male,641,1,3,Mid-eye to fork of tail
7/26/2016,2016,Salmon River (Pitka Fork),Chinook,female,782,,3,Mid-eye to fork of tail
7/26/2016,2016,Salmon River (Pitka Fork),Chinook,male,550,,2,Mid-eye to fork of tail
7/27/2016,2016,Salmon River (Pitka Fork),Chinook,male,507,1,2,Mid-eye to fork of tail
7/27/2016,2016,Salmon River (Pitka Fork),Chinook,female,660,1,3,Mid-eye to fork of tail
7/27/2016,2016,Salmon River (Pitka Fork),Chinook,female,665,1,3,Mid-eye to fork of tail
7/27/2016,2016,Salmon River (Pitka Fork),Chinook,female,672,1,3,Mid-eye to fork of tail
7/28/2016,2016,Salmon River (Pitka Fork),Chinook,female,755,,3,Mid-eye to fork of tail
7/28/2016,2016,Salmon River (Pitka Fork),Chinook,female,698,1,3,Mid-eye to fork of tail
7/28/2016,2016,Salmon River (Pitka Fork),Chinook,female,665,1,3,Mid-eye to fork of tail
7/28/2016,2016,Salmon River (Pitka Fork),Chinook,male,654,1,3,Mid-eye to fork of tail
7/29/2016,2016,Salmon River (Pitka Fork),Chinook,male,575,1,4,Mid-eye to fork of tail
7/29/2016,2016,Salmon River (Pitka Fork),Chinook,male,660,1,3,Mid-eye to fork of tail
7/29/2016,2016,Salmon River (Pitka Fork),Chinook,male,669,1,3,Mid-eye to fork of tail
7/29/2016,2016,Salmon River (Pitka Fork),Chinook,female,754,1,4,Mid-eye to fork of tail
7/29/2016,2016,Salmon River (Pitka Fork),Chinook,male,593,1,3,Mid-eye to fork of tail
7/29/2016,2016,Salmon River (Pitka Fork),Chinook,female,653,1,3,Mid-eye to fork of tail
7/30/2016,2016,Salmon River (Pitka Fork),Chinook,male,679,1,3,Mid-eye to fork of tail
7/30/2016,2016,Salmon River (Pitka Fork),Chinook,female,738,1,3,Mid-eye to fork of tail
7/30/2016,2016,Salmon River (Pitka Fork),Chinook,female,691,,,Mid-eye to fork of tail
7/30/2016,2016,Salmon River (Pitka Fork),Chinook,male,717,,3,Mid-eye to fork of tail
7/30/2016,2016,Salmon River (Pitka Fork),Chinook,female,747,1,4,Mid-eye to fork of tail
7/31/2016,2016,Salmon River (Pitka Fork),Chinook,female,769,1,4,Mid-eye to fork of tail
7/31/2016,2016,Salmon River (Pitka Fork),Chinook,female,674,1,3,Mid-eye to fork of tail
7/31/2016,2016,Salmon River (Pitka Fork),Chinook,male,637,1,3,Mid-eye to fork of tail
7/31/2016,2016,Salmon River (Pitka Fork),Chinook,female,689,1,3,Mid-eye to fork of tail
7/31/2016,2016,Salmon River (Pitka Fork),Chinook,female,674,1,3,Mid-eye to fork of tail
7/14/2017,2017,Salmon River (Pitka Fork),Chinook,female,825,1,4,Mid-eye to fork of tail
7/14/2017,2017,Salmon River (Pitka Fork),Chinook,female,749,,,Mid-eye to fork of tail
7/15/2017,2017,Salmon River (Pitka Fork),Chinook,male,784,1,3,Mid-eye to fork of tail
7/15/2017,2017,Salmon River (Pitka Fork),Chinook,male,883,1,4,Mid-eye to fork of tail
7/15/2017,2017,Salmon River (Pitka Fork),Chinook,male,633,,,Mid-eye to fork of tail
7/16/2017,2017,Salmon River (Pitka Fork),Chinook,male,656,1,3,Mid-eye to fork of tail
7/16/2017,2017,Salmon River (Pitka Fork),Chinook,male,707,1,3,Mid-eye to fork of tail
7/16/2017,2017,Salmon River (Pitka Fork),Chinook,female,663,,3,Mid-eye to fork of tail
7/16/2017,2017,Salmon River (Pitka Fork),Chinook,female,803,1,3,Mid-eye to fork of tail
7/17/2017,2017,Salmon River (Pitka Fork),Chinook,female,711,1,4,Mid-eye to fork of tail
7/17/2017,2017,Salmon River (Pitka Fork),Chinook,female,823,1,4,Mid-eye to fork of tail
7/17/2017,2017,Salmon River (Pitka Fork),Chinook,female,752,1,4,Mid-eye to fork of tail
7/17/2017,2017,Salmon River (Pitka Fork),Chinook,female,805,,,Mid-eye to fork of tail
7/17/2017,2017,Salmon River (Pitka Fork),Chinook,male,679,1,3,Mid-eye to fork of tail
7/17/2017,2017,Salmon River (Pitka Fork),Chinook,female,677,,3,Mid-eye to fork of tail
7/17/2017,2017,Salmon River (Pitka Fork),Chinook,female,665,1,3,Mid-eye to fork of tail
7/17/2017,2017,Salmon River (Pitka Fork),Chinook,male,512,1,2,Mid-eye to fork of tail
7/17/2017,2017,Salmon River (Pitka Fork),Chinook,male,512,1,2,Mid-eye to fork of tail
7/17/2017,2017,Salmon River (Pitka Fork),Chinook,female,777,1,4,Mid-eye to fork of tail
7/17/2017,2017,Salmon River (Pitka Fork),Chinook,female,840,1,4,Mid-eye to fork of tail
7/17/2017,2017,Salmon River (Pitka Fork),Chinook,female,657,1,3,Mid-eye to fork of tail
7/17/2017,2017,Salmon River (Pitka Fork),Chinook,female,812,1,4,Mid-eye to fork of tail
7/17/2017,2017,Salmon River (Pitka Fork),Chinook,female,714,1,4,Mid-eye to fork of tail
7/17/2017,2017,Salmon River (Pitka Fork),Chinook,female,750,1,3,Mid-eye to fork of tail
7/17/2017,2017,Salmon River (Pitka Fork),Chinook,male,734,1,3,Mid-eye to fork of tail
7/18/2017,2017,Salmon River (Pitka Fork),Chinook,male,559,1,2,Mid-eye to fork of tail
7/18/2017,2017,Salmon River (Pitka Fork),Chinook,male,757,1,3,Mid-eye to fork of tail
7/18/2017,2017,Salmon River (Pitka Fork),Chinook,female,692,1,3,Mid-eye to fork of tail
7/18/2017,2017,Salmon River (Pitka Fork),Chinook,female,747,1,4,Mid-eye to fork of tail
7/18/2017,2017,Salmon River (Pitka Fork),Chinook,female,822,1,4,Mid-eye to fork of tail
7/18/2017,2017,Salmon River (Pitka Fork),Chinook,male,677,1,3,Mid-eye to fork of tail
7/18/2017,2017,Salmon River (Pitka Fork),Chinook,female,613,1,3,Mid-eye to fork of tail
7/18/2017,2017,Salmon River (Pitka Fork),Chinook,male,770,1,4,Mid-eye to fork of tail
7/18/2017,2017,Salmon River (Pitka Fork),Chinook,male,452,1,2,Mid-eye to fork of tail
7/18/2017,2017,Salmon River (Pitka Fork),Chinook,female,802,1,4,Mid-eye to fork of tail
7/18/2017,2017,Salmon River (Pitka Fork),Chinook,male,647,1,3,Mid-eye to fork of tail
7/19/2017,2017,Salmon River (Pitka Fork),Chinook,male,688,1,3,Mid-eye to fork of tail
7/19/2017,2017,Salmon River (Pitka Fork),Chinook,male,823,1,4,Mid-eye to fork of tail
7/19/2017,2017,Salmon River (Pitka Fork),Chinook,male,577,1,3,Mid-eye to fork of tail
7/19/2017,2017,Salmon River (Pitka Fork),Chinook,male,681,1,3,Mid-eye to fork of tail
7/19/2017,2017,Salmon River (Pitka Fork),Chinook,male,759,1,3,Mid-eye to fork of tail
7/19/2017,2017,Salmon River (Pitka Fork),Chinook,male,702,1,3,Mid-eye to fork of tail
7/19/2017,2017,Salmon River (Pitka Fork),Chinook,male,668,1,3,Mid-eye to fork of tail
7/19/2017,2017,Salmon River (Pitka Fork),Chinook,female,604,,,Mid-eye to fork of tail
7/19/2017,2017,Salmon River (Pitka Fork),Chinook,male,660,1,3,Mid-eye to fork of tail
7/19/2017,2017,Salmon River (Pitka Fork),Chinook,female,692,1,3,Mid-eye to fork of tail
7/19/2017,2017,Salmon River (Pitka Fork),Chinook,male,508,1,2,Mid-eye to fork of tail
7/19/2017,2017,Salmon River (Pitka Fork),Chinook,female,784,1,4,Mid-eye to fork of tail
7/19/2017,2017,Salmon River (Pitka Fork),Chinook,male,546,1,2,Mid-eye to fork of tail
7/19/2017,2017,Salmon River (Pitka Fork),Chinook,male,509,1,2,Mid-eye to fork of tail
7/19/2017,2017,Salmon River (Pitka Fork),Chinook,male,773,1,4,Mid-eye to fork of tail
7/19/2017,2017,Salmon River (Pitka Fork),Chinook,male,654,1,3,Mid-eye to fork of tail
7/19/2017,2017,Salmon River (Pitka Fork),Chinook,male,733,1,4,Mid-eye to fork of tail
7/20/2017,2017,Salmon River (Pitka Fork),Chinook,male,659,1,3,Mid-eye to fork of tail
7/20/2017,2017,Salmon River (Pitka Fork),Chinook,male,490,1,2,Mid-eye to fork of tail
7/20/2017,2017,Salmon River (Pitka Fork),Chinook,male,788,1,4,Mid-eye to fork of tail
7/20/2017,2017,Salmon River (Pitka Fork),Chinook,male,724,1,4,Mid-eye to fork of tail
7/20/2017,2017,Salmon River (Pitka Fork),Chinook,female,745,1,4,Mid-eye to fork of tail
7/20/2017,2017,Salmon River (Pitka Fork),Chinook,female,738,,,Mid-eye to fork of tail
7/20/2017,2017,Salmon River (Pitka Fork),Chinook,female,667,1,3,Mid-eye to fork of tail
7/20/2017,2017,Salmon River (Pitka Fork),Chinook,female,758,1,4,Mid-eye to fork of tail
7/20/2017,2017,Salmon River (Pitka Fork),Chinook,female,751,1,4,Mid-eye to fork of tail
7/20/2017,2017,Salmon River (Pitka Fork),Chinook,male,783,1,3,Mid-eye to fork of tail
7/20/2017,2017,Salmon River (Pitka Fork),Chinook,male,524,1,2,Mid-eye to fork of tail
7/20/2017,2017,Salmon River (Pitka Fork),Chinook,female,736,1,3,Mid-eye to fork of tail
7/20/2017,2017,Salmon River (Pitka Fork),Chinook,male,593,1,2,Mid-eye to fork of tail
7/20/2017,2017,Salmon River (Pitka Fork),Chinook,male,638,1,3,Mid-eye to fork of tail
7/21/2017,2017,Salmon River (Pitka Fork),Chinook,female,719,,3,Mid-eye to fork of tail
7/21/2017,2017,Salmon River (Pitka Fork),Chinook,female,714,1,4,Mid-eye to fork of tail
7/21/2017,2017,Salmon River (Pitka Fork),Chinook,male,656,1,3,Mid-eye to fork of tail
7/21/2017,2017,Salmon River (Pitka Fork),Chinook,male,589,1,3,Mid-eye to fork of tail
7/21/2017,2017,Salmon River (Pitka Fork),Chinook,female,638,1,3,Mid-eye to fork of tail
7/21/2017,2017,Salmon River (Pitka Fork),Chinook,male,602,1,3,Mid-eye to fork of tail
7/21/2017,2017,Salmon River (Pitka Fork),Chinook,male,838,1,4,Mid-eye to fork of tail
7/21/2017,2017,Salmon River (Pitka Fork),Chinook,female,778,1,4,Mid-eye to fork of tail
7/21/2017,2017,Salmon River (Pitka Fork),Chinook,female,756,,,Mid-eye to fork of tail
7/21/2017,2017,Salmon River (Pitka Fork),Chinook,male,688,1,3,Mid-eye to fork of tail
7/21/2017,2017,Salmon River (Pitka Fork),Chinook,female,743,1,4,Mid-eye to fork of tail
7/21/2017,2017,Salmon River (Pitka Fork),Chinook,female,728,1,4,Mid-eye to fork of tail
7/21/2017,2017,Salmon River (Pitka Fork),Chinook,male,780,1,4,Mid-eye to fork of tail
7/22/2017,2017,Salmon River (Pitka Fork),Chinook,male,476,1,2,Mid-eye to fork of tail
7/22/2017,2017,Salmon River (Pitka Fork),Chinook,male,613,1,2,Mid-eye to fork of tail
7/22/2017,2017,Salmon River (Pitka Fork),Chinook,male,708,1,3,Mid-eye to fork of tail
7/22/2017,2017,Salmon River (Pitka Fork),Chinook,male,658,1,3,Mid-eye to fork of tail
7/22/2017,2017,Salmon River (Pitka Fork),Chinook,female,745,1,3,Mid-eye to fork of tail
7/22/2017,2017,Salmon River (Pitka Fork),Chinook,female,746,1,3,Mid-eye to fork of tail
7/22/2017,2017,Salmon River (Pitka Fork),Chinook,female,689,1,3,Mid-eye to fork of tail
7/22/2017,2017,Salmon River (Pitka Fork),Chinook,male,719,1,3,Mid-eye to fork of tail
7/22/2017,2017,Salmon River (Pitka Fork),Chinook,female,673,,,Mid-eye to fork of tail
7/22/2017,2017,Salmon River (Pitka Fork),Chinook,male,740,1,4,Mid-eye to fork of tail
7/23/2017,2017,Salmon River (Pitka Fork),Chinook,female,754,1,4,Mid-eye to fork of tail
7/23/2017,2017,Salmon River (Pitka Fork),Chinook,female,753,1,4,Mid-eye to fork of tail
7/23/2017,2017,Salmon River (Pitka Fork),Chinook,male,741,1,3,Mid-eye to fork of tail
7/23/2017,2017,Salmon River (Pitka Fork),Chinook,female,756,1,3,Mid-eye to fork of tail
7/23/2017,2017,Salmon River (Pitka Fork),Chinook,female,867,1,3,Mid-eye to fork of tail
7/23/2017,2017,Salmon River (Pitka Fork),Chinook,female,732,1,4,Mid-eye to fork of tail
7/23/2017,2017,Salmon River (Pitka Fork),Chinook,male,734,1,3,Mid-eye to fork of tail
7/23/2017,2017,Salmon River (Pitka Fork),Chinook,male,762,,,Mid-eye to fork of tail
7/23/2017,2017,Salmon River (Pitka Fork),Chinook,male,733,1,3,Mid-eye to fork of tail
7/23/2017,2017,Salmon River (Pitka Fork),Chinook,female,830,1,3,Mid-eye to fork of tail
7/23/2017,2017,Salmon River (Pitka Fork),Chinook,female,803,1,4,Mid-eye to fork of tail
7/23/2017,2017,Salmon River (Pitka Fork),Chinook,male,757,1,4,Mid-eye to fork of tail
7/23/2017,2017,Salmon River (Pitka Fork),Chinook,male,784,1,3,Mid-eye to fork of tail
7/23/2017,2017,Salmon River (Pitka Fork),Chinook,female,736,1,4,Mid-eye to fork of tail
7/23/2017,2017,Salmon River (Pitka Fork),Chinook,female,797,1,3,Mid-eye to fork of tail
7/23/2017,2017,Salmon River (Pitka Fork),Chinook,female,742,1,4,Mid-eye to fork of tail
7/23/2017,2017,Salmon River (Pitka Fork),Chinook,male,654,1,3,Mid-eye to fork of tail
7/23/2017,2017,Salmon River (Pitka Fork),Chinook,male,699,1,3,Mid-eye to fork of tail
7/23/2017,2017,Salmon River (Pitka Fork),Chinook,male,720,,,Mid-eye to fork of tail
7/23/2017,2017,Salmon River (Pitka Fork),Chinook,male,829,1,4,Mid-eye to fork of tail
7/23/2017,2017,Salmon River (Pitka Fork),Chinook,female,819,1,4,Mid-eye to fork of tail
7/23/2017,2017,Salmon River (Pitka Fork),Chinook,female,806,1,3,Mid-eye to fork of tail
7/23/2017,2017,Salmon River (Pitka Fork),Chinook,male,828,1,4,Mid-eye to fork of tail
7/23/2017,2017,Salmon River (Pitka Fork),Chinook,female,821,1,4,Mid-eye to fork of tail
7/24/2017,2017,Salmon River (Pitka Fork),Chinook,female,762,1,4,Mid-eye to fork of tail
7/24/2017,2017,Salmon River (Pitka Fork),Chinook,female,782,1,4,Mid-eye to fork of tail
7/24/2017,2017,Salmon River (Pitka Fork),Chinook,male,743,1,4,Mid-eye to fork of tail
7/24/2017,2017,Salmon River (Pitka Fork),Chinook,female,688,1,3,Mid-eye to fork of tail
7/24/2017,2017,Salmon River (Pitka Fork),Chinook,male,691,1,3,Mid-eye to fork of tail
7/24/2017,2017,Salmon River (Pitka Fork),Chinook,male,635,1,3,Mid-eye to fork of tail
7/24/2017,2017,Salmon River (Pitka Fork),Chinook,female,818,1,4,Mid-eye to fork of tail
7/24/2017,2017,Salmon River (Pitka Fork),Chinook,female,791,1,4,Mid-eye to fork of tail
7/24/2017,2017,Salmon River (Pitka Fork),Chinook,female,681,1,3,Mid-eye to fork of tail
7/24/2017,2017,Salmon River (Pitka Fork),Chinook,female,733,1,4,Mid-eye to fork of tail
7/25/2017,2017,Salmon River (Pitka Fork),Chinook,female,803,1,3,Mid-eye to fork of tail
7/25/2017,2017,Salmon River (Pitka Fork),Chinook,female,692,1,3,Mid-eye to fork of tail
7/25/2017,2017,Salmon River (Pitka Fork),Chinook,male,674,1,3,Mid-eye to fork of tail
7/25/2017,2017,Salmon River (Pitka Fork),Chinook,female,661,1,3,Mid-eye to fork of tail
7/27/2017,2017,Salmon River (Pitka Fork),Chinook,male,773,,,Mid-eye to fork of tail
7/27/2017,2017,Salmon River (Pitka Fork),Chinook,female,598,1,2,Mid-eye to fork of tail
7/27/2017,2017,Salmon River (Pitka Fork),Chinook,male,609,1,3,Mid-eye to fork of tail
7/27/2017,2017,Salmon River (Pitka Fork),Chinook,female,743,1,4,Mid-eye to fork of tail
7/27/2017,2017,Salmon River (Pitka Fork),Chinook,female,764,1,4,Mid-eye to fork of tail
7/27/2017,2017,Salmon River (Pitka Fork),Chinook,male,520,1,2,Mid-eye to fork of tail
7/27/2017,2017,Salmon River (Pitka Fork),Chinook,female,685,1,3,Mid-eye to fork of tail
7/27/2017,2017,Salmon River (Pitka Fork),Chinook,female,748,,4,Mid-eye to fork of tail
7/27/2017,2017,Salmon River (Pitka Fork),Chinook,female,739,1,4,Mid-eye to fork of tail
7/27/2017,2017,Salmon River (Pitka Fork),Chinook,female,756,1,4,Mid-eye to fork of tail
7/27/2017,2017,Salmon River (Pitka Fork),Chinook,male,604,,,Mid-eye to fork of tail
7/27/2017,2017,Salmon River (Pitka Fork),Chinook,male,869,1,4,Mid-eye to fork of tail
7/27/2017,2017,Salmon River (Pitka Fork),Chinook,female,700,1,3,Mid-eye to fork of tail
7/27/2017,2017,Salmon River (Pitka Fork),Chinook,female,671,1,3,Mid-eye to fork of tail
7/27/2017,2017,Salmon River (Pitka Fork),Chinook,male,518,1,2,Mid-eye to fork of tail
7/27/2017,2017,Salmon River (Pitka Fork),Chinook,female,853,1,4,Mid-eye to fork of tail
7/27/2017,2017,Salmon River (Pitka Fork),Chinook,female,732,1,3,Mid-eye to fork of tail
7/27/2017,2017,Salmon River (Pitka Fork),Chinook,female,669,,3,Mid-eye to fork of tail
7/27/2017,2017,Salmon River (Pitka Fork),Chinook,female,794,1,4,Mid-eye to fork of tail
7/27/2017,2017,Salmon River (Pitka Fork),Chinook,female,805,1,4,Mid-eye to fork of tail
7/28/2017,2017,Salmon River (Pitka Fork),Chinook,male,744,1,3,Mid-eye to fork of tail
7/28/2017,2017,Salmon River (Pitka Fork),Chinook,male,501,1,2,Mid-eye to fork of tail
7/28/2017,2017,Salmon River (Pitka Fork),Chinook,male,674,1,4,Mid-eye to fork of tail
7/28/2017,2017,Salmon River (Pitka Fork),Chinook,female,654,1,3,Mid-eye to fork of tail
7/28/2017,2017,Salmon River (Pitka Fork),Chinook,male,662,1,3,Mid-eye to fork of tail
7/28/2017,2017,Salmon River (Pitka Fork),Chinook,male,507,,,Mid-eye to fork of tail
7/28/2017,2017,Salmon River (Pitka Fork),Chinook,male,874,1,4,Mid-eye to fork of tail
7/28/2017,2017,Salmon River (Pitka Fork),Chinook,male,794,1,4,Mid-eye to fork of tail
7/28/2017,2017,Salmon River (Pitka Fork),Chinook,female,838,,4,Mid-eye to fork of tail
7/28/2017,2017,Salmon River (Pitka Fork),Chinook,male,882,,4,Mid-eye to fork of tail
7/29/2017,2017,Salmon River (Pitka Fork),Chinook,female,723,1,4,Mid-eye to fork of tail
7/29/2017,2017,Salmon River (Pitka Fork),Chinook,female,684,1,3,Mid-eye to fork of tail
7/29/2017,2017,Salmon River (Pitka Fork),Chinook,female,756,1,4,Mid-eye to fork of tail
7/29/2017,2017,Salmon River (Pitka Fork),Chinook,male,482,1,2,Mid-eye to fork of tail
7/29/2017,2017,Salmon River (Pitka Fork),Chinook,female,724,1,4,Mid-eye to fork of tail
7/29/2017,2017,Salmon River (Pitka Fork),Chinook,female,713,1,3,Mid-eye to fork of tail
7/29/2017,2017,Salmon River (Pitka Fork),Chinook,female,765,,,Mid-eye to fork of tail
7/30/2017,2017,Salmon River (Pitka Fork),Chinook,female,727,,,Mid-eye to fork of tail
7/31/2017,2017,Salmon River (Pitka Fork),Chinook,male,760,1,3,Mid-eye to fork of tail
7/31/2017,2017,Salmon River (Pitka Fork),Chinook,male,553,1,2,Mid-eye to fork of tail
7/31/2017,2017,Salmon River (Pitka Fork),Chinook,female,756,1,4,Mid-eye to fork of tail
7/31/2017,2017,Salmon River (Pitka Fork),Chinook,male,766,1,3,Mid-eye to fork of tail
7/31/2017,2017,Salmon River (Pitka Fork),Chinook,female,683,1,3,Mid-eye to fork of tail
7/31/2017,2017,Salmon River (Pitka Fork),Chinook,female,686,1,3,Mid-eye to fork of tail
7/6/2018,2018,Salmon River (Pitka Fork),Chinook,male,712,1,3,Mid-eye to fork of tail
7/6/2018,2018,Salmon River (Pitka Fork),Chinook,male,632,1,3,Mid-eye to fork of tail
7/6/2018,2018,Salmon River (Pitka Fork),Chinook,male,825,1,4,Mid-eye to fork of tail
7/6/2018,2018,Salmon River (Pitka Fork),Chinook,female,704,1,3,Mid-eye to fork of tail
7/8/2018,2018,Salmon River (Pitka Fork),Chinook,male,600,1,2,Mid-eye to fork of tail
7/8/2018,2018,Salmon River (Pitka Fork),Chinook,male,560,,2,Mid-eye to fork of tail
7/8/2018,2018,Salmon River (Pitka Fork),Chinook,male,824,1,4,Mid-eye to fork of tail
7/8/2018,2018,Salmon River (Pitka Fork),Chinook,female,748,1,4,Mid-eye to fork of tail
7/8/2018,2018,Salmon River (Pitka Fork),Chinook,male,661,1,3,Mid-eye to fork of tail
7/8/2018,2018,Salmon River (Pitka Fork),Chinook,male,700,1,3,Mid-eye to fork of tail
7/8/2018,2018,Salmon River (Pitka Fork),Chinook,female,715,1,3,Mid-eye to fork of tail
7/8/2018,2018,Salmon River (Pitka Fork),Chinook,male,706,1,3,Mid-eye to fork of tail
7/8/2018,2018,Salmon River (Pitka Fork),Chinook,male,689,1,3,Mid-eye to fork of tail
7/8/2018,2018,Salmon River (Pitka Fork),Chinook,female,744,1,3,Mid-eye to fork of tail
7/8/2018,2018,Salmon River (Pitka Fork),Chinook,male,691,1,3,Mid-eye to fork of tail
7/8/2018,2018,Salmon River (Pitka Fork),Chinook,male,597,1,2,Mid-eye to fork of tail
7/8/2018,2018,Salmon River (Pitka Fork),Chinook,female,525,1,2,Mid-eye to fork of tail
7/8/2018,2018,Salmon River (Pitka Fork),Chinook,male,489,1,2,Mid-eye to fork of tail
7/10/2018,2018,Salmon River (Pitka Fork),Chinook,female,778,,4,Mid-eye to fork of tail
7/10/2018,2018,Salmon River (Pitka Fork),Chinook,male,663,1,3,Mid-eye to fork of tail
7/11/2018,2018,Salmon River (Pitka Fork),Chinook,male,686,1,3,Mid-eye to fork of tail
7/11/2018,2018,Salmon River (Pitka Fork),Chinook,female,748,1,4,Mid-eye to fork of tail
7/11/2018,2018,Salmon River (Pitka Fork),Chinook,female,692,1,3,Mid-eye to fork of tail
7/11/2018,2018,Salmon River (Pitka Fork),Chinook,female,794,1,4,Mid-eye to fork of tail
7/11/2018,2018,Salmon River (Pitka Fork),Chinook,male,647,1,3,Mid-eye to fork of tail
7/11/2018,2018,Salmon River (Pitka Fork),Chinook,male,597,1,2,Mid-eye to fork of tail
7/11/2018,2018,Salmon River (Pitka Fork),Chinook,male,702,1,4,Mid-eye to fork of tail
7/11/2018,2018,Salmon River (Pitka Fork),Chinook,male,506,1,2,Mid-eye to fork of tail
7/11/2018,2018,Salmon River (Pitka Fork),Chinook,male,723,1,3,Mid-eye to fork of tail
7/11/2018,2018,Salmon River (Pitka Fork),Chinook,male,476,,,Mid-eye to fork of tail
7/11/2018,2018,Salmon River (Pitka Fork),Chinook,female,818,1,4,Mid-eye to fork of tail
7/12/2018,2018,Salmon River (Pitka Fork),Chinook,male,728,,,Mid-eye to fork of tail
7/12/2018,2018,Salmon River (Pitka Fork),Chinook,female,788,1,4,Mid-eye to fork of tail
7/12/2018,2018,Salmon River (Pitka Fork),Chinook,male,668,1,3,Mid-eye to fork of tail
7/12/2018,2018,Salmon River (Pitka Fork),Chinook,male,469,1,2,Mid-eye to fork of tail
7/12/2018,2018,Salmon River (Pitka Fork),Chinook,female,703,1,3,Mid-eye to fork of tail
7/12/2018,2018,Salmon River (Pitka Fork),Chinook,male,727,1,4,Mid-eye to fork of tail
7/12/2018,2018,Salmon River (Pitka Fork),Chinook,male,677,1,3,Mid-eye to fork of tail
7/12/2018,2018,Salmon River (Pitka Fork),Chinook,male,543,,2,Mid-eye to fork of tail
7/14/2018,2018,Salmon River (Pitka Fork),Chinook,male,592,1,2,Mid-eye to fork of tail
7/14/2018,2018,Salmon River (Pitka Fork),Chinook,male,516,1,2,Mid-eye to fork of tail
7/14/2018,2018,Salmon River (Pitka Fork),Chinook,female,706,1,3,Mid-eye to fork of tail
7/14/2018,2018,Salmon River (Pitka Fork),Chinook,female,623,1,2,Mid-eye to fork of tail
7/14/2018,2018,Salmon River (Pitka Fork),Chinook,male,765,1,5,Mid-eye to fork of tail
7/14/2018,2018,Salmon River (Pitka Fork),Chinook,male,637,1,3,Mid-eye to fork of tail
7/14/2018,2018,Salmon River (Pitka Fork),Chinook,female,722,1,4,Mid-eye to fork of tail
7/14/2018,2018,Salmon River (Pitka Fork),Chinook,female,719,1,4,Mid-eye to fork of tail
7/14/2018,2018,Salmon River (Pitka Fork),Chinook,male,623,1,3,Mid-eye to fork of tail
7/14/2018,2018,Salmon River (Pitka Fork),Chinook,female,803,1,4,Mid-eye to fork of tail
7/14/2018,2018,Salmon River (Pitka Fork),Chinook,male,663,1,3,Mid-eye to fork of tail
7/14/2018,2018,Salmon River (Pitka Fork),Chinook,male,673,1,3,Mid-eye to fork of tail
7/14/2018,2018,Salmon River (Pitka Fork),Chinook,male,648,1,3,Mid-eye to fork of tail
7/14/2018,2018,Salmon River (Pitka Fork),Chinook,female,748,1,4,Mid-eye to fork of tail
7/14/2018,2018,Salmon River (Pitka Fork),Chinook,male,726,1,3,Mid-eye to fork of tail
7/14/2018,2018,Salmon River (Pitka Fork),Chinook,female,773,,,Mid-eye to fork of tail
7/14/2018,2018,Salmon River (Pitka Fork),Chinook,female,784,1,4,Mid-eye to fork of tail
7/15/2018,2018,Salmon River (Pitka Fork),Chinook,male,740,1,4,Mid-eye to fork of tail
7/15/2018,2018,Salmon River (Pitka Fork),Chinook,male,689,1,3,Mid-eye to fork of tail
7/15/2018,2018,Salmon River (Pitka Fork),Chinook,female,752,1,4,Mid-eye to fork of tail
7/15/2018,2018,Salmon River (Pitka Fork),Chinook,male,847,1,4,Mid-eye to fork of tail
7/15/2018,2018,Salmon River (Pitka Fork),Chinook,female,738,1,4,Mid-eye to fork of tail
7/15/2018,2018,Salmon River (Pitka Fork),Chinook,male,676,1,4,Mid-eye to fork of tail
7/15/2018,2018,Salmon River (Pitka Fork),Chinook,male,612,,3,Mid-eye to fork of tail
7/15/2018,2018,Salmon River (Pitka Fork),Chinook,male,746,,,Mid-eye to fork of tail
7/15/2018,2018,Salmon River (Pitka Fork),Chinook,female,727,1,4,Mid-eye to fork of tail
7/15/2018,2018,Salmon River (Pitka Fork),Chinook,female,770,1,4,Mid-eye to fork of tail
7/15/2018,2018,Salmon River (Pitka Fork),Chinook,female,608,1,3,Mid-eye to fork of tail
7/15/2018,2018,Salmon River (Pitka Fork),Chinook,female,677,1,4,Mid-eye to fork of tail
7/16/2018,2018,Salmon River (Pitka Fork),Chinook,male,722,1,3,Mid-eye to fork of tail
7/16/2018,2018,Salmon River (Pitka Fork),Chinook,male,708,1,3,Mid-eye to fork of tail
7/16/2018,2018,Salmon River (Pitka Fork),Chinook,male,694,1,3,Mid-eye to fork of tail
7/16/2018,2018,Salmon River (Pitka Fork),Chinook,female,689,1,3,Mid-eye to fork of tail
7/16/2018,2018,Salmon River (Pitka Fork),Chinook,female,787,,4,Mid-eye to fork of tail
7/16/2018,2018,Salmon River (Pitka Fork),Chinook,female,807,1,4,Mid-eye to fork of tail
7/16/2018,2018,Salmon River (Pitka Fork),Chinook,female,698,1,4,Mid-eye to fork of tail
7/16/2018,2018,Salmon River (Pitka Fork),Chinook,male,713,,3,Mid-eye to fork of tail
7/16/2018,2018,Salmon River (Pitka Fork),Chinook,male,786,1,3,Mid-eye to fork of tail
7/16/2018,2018,Salmon River (Pitka Fork),Chinook,female,717,,,Mid-eye to fork of tail
7/17/2018,2018,Salmon River (Pitka Fork),Chinook,male,666,1,3,Mid-eye to fork of tail
7/17/2018,2018,Salmon River (Pitka Fork),Chinook,male,709,1,3,Mid-eye to fork of tail
7/17/2018,2018,Salmon River (Pitka Fork),Chinook,female,668,1,3,Mid-eye to fork of tail
7/17/2018,2018,Salmon River (Pitka Fork),Chinook,male,627,1,3,Mid-eye to fork of tail
7/17/2018,2018,Salmon River (Pitka Fork),Chinook,female,751,1,4,Mid-eye to fork of tail
7/17/2018,2018,Salmon River (Pitka Fork),Chinook,male,496,1,2,Mid-eye to fork of tail
7/17/2018,2018,Salmon River (Pitka Fork),Chinook,male,685,1,4,Mid-eye to fork of tail
7/17/2018,2018,Salmon River (Pitka Fork),Chinook,male,671,1,3,Mid-eye to fork of tail
7/17/2018,2018,Salmon River (Pitka Fork),Chinook,female,705,1,4,Mid-eye to fork of tail
7/17/2018,2018,Salmon River (Pitka Fork),Chinook,male,472,1,2,Mid-eye to fork of tail
7/18/2018,2018,Salmon River (Pitka Fork),Chinook,male,702,1,3,Mid-eye to fork of tail
7/18/2018,2018,Salmon River (Pitka Fork),Chinook,female,643,1,3,Mid-eye to fork of tail
7/18/2018,2018,Salmon River (Pitka Fork),Chinook,female,718,1,3,Mid-eye to fork of tail
7/18/2018,2018,Salmon River (Pitka Fork),Chinook,female,668,1,3,Mid-eye to fork of tail
7/18/2018,2018,Salmon River (Pitka Fork),Chinook,male,532,,,Mid-eye to fork of tail
7/18/2018,2018,Salmon River (Pitka Fork),Chinook,female,750,1,4,Mid-eye to fork of tail
7/18/2018,2018,Salmon River (Pitka Fork),Chinook,male,634,1,3,Mid-eye to fork of tail
7/18/2018,2018,Salmon River (Pitka Fork),Chinook,male,696,1,3,Mid-eye to fork of tail
7/18/2018,2018,Salmon River (Pitka Fork),Chinook,male,733,1,3,Mid-eye to fork of tail
7/18/2018,2018,Salmon River (Pitka Fork),Chinook,male,623,1,3,Mid-eye to fork of tail
7/18/2018,2018,Salmon River (Pitka Fork),Chinook,female,636,1,3,Mid-eye to fork of tail
7/18/2018,2018,Salmon River (Pitka Fork),Chinook,male,662,1,3,Mid-eye to fork of tail
7/18/2018,2018,Salmon River (Pitka Fork),Chinook,male,748,1,4,Mid-eye to fork of tail
7/18/2018,2018,Salmon River (Pitka Fork),Chinook,male,796,1,4,Mid-eye to fork of tail
7/18/2018,2018,Salmon River (Pitka Fork),Chinook,male,557,1,2,Mid-eye to fork of tail
7/18/2018,2018,Salmon River (Pitka Fork),Chinook,female,661,1,3,Mid-eye to fork of tail
7/19/2018,2018,Salmon River (Pitka Fork),Chinook,female,652,1,4,Mid-eye to fork of tail
7/19/2018,2018,Salmon River (Pitka Fork),Chinook,female,734,1,4,Mid-eye to fork of tail
7/19/2018,2018,Salmon River (Pitka Fork),Chinook,male,623,1,3,Mid-eye to fork of tail
7/19/2018,2018,Salmon River (Pitka Fork),Chinook,female,776,1,4,Mid-eye to fork of tail
7/19/2018,2018,Salmon River (Pitka Fork),Chinook,female,647,1,3,Mid-eye to fork of tail
7/19/2018,2018,Salmon River (Pitka Fork),Chinook,male,731,1,3,Mid-eye to fork of tail
7/19/2018,2018,Salmon River (Pitka Fork),Chinook,female,708,1,3,Mid-eye to fork of tail
7/19/2018,2018,Salmon River (Pitka Fork),Chinook,female,727,,3,Mid-eye to fork of tail
7/19/2018,2018,Salmon River (Pitka Fork),Chinook,female,712,,3,Mid-eye to fork of tail
7/19/2018,2018,Salmon River (Pitka Fork),Chinook,female,750,,4,Mid-eye to fork of tail
7/19/2018,2018,Salmon River (Pitka Fork),Chinook,female,684,1,3,Mid-eye to fork of tail
7/19/2018,2018,Salmon River (Pitka Fork),Chinook,female,683,1,4,Mid-eye to fork of tail
7/20/2018,2018,Salmon River (Pitka Fork),Chinook,male,824,1,4,Mid-eye to fork of tail
7/20/2018,2018,Salmon River (Pitka Fork),Chinook,male,741,1,3,Mid-eye to fork of tail
7/20/2018,2018,Salmon River (Pitka Fork),Chinook,male,798,1,4,Mid-eye to fork of tail
7/20/2018,2018,Salmon River (Pitka Fork),Chinook,male,783,1,4,Mid-eye to fork of tail
7/20/2018,2018,Salmon River (Pitka Fork),Chinook,male,588,1,2,Mid-eye to fork of tail
7/20/2018,2018,Salmon River (Pitka Fork),Chinook,male,629,1,3,Mid-eye to fork of tail
7/20/2018,2018,Salmon River (Pitka Fork),Chinook,male,624,1,3,Mid-eye to fork of tail
7/20/2018,2018,Salmon River (Pitka Fork),Chinook,male,646,,3,Mid-eye to fork of tail
7/20/2018,2018,Salmon River (Pitka Fork),Chinook,male,630,1,3,Mid-eye to fork of tail
7/20/2018,2018,Salmon River (Pitka Fork),Chinook,male,464,1,2,Mid-eye to fork of tail
7/20/2018,2018,Salmon River (Pitka Fork),Chinook,male,493,1,2,Mid-eye to fork of tail
7/20/2018,2018,Salmon River (Pitka Fork),Chinook,male,832,1,4,Mid-eye to fork of tail
7/20/2018,2018,Salmon River (Pitka Fork),Chinook,female,705,1,3,Mid-eye to fork of tail
7/20/2018,2018,Salmon River (Pitka Fork),Chinook,male,519,1,2,Mid-eye to fork of tail
7/20/2018,2018,Salmon River (Pitka Fork),Chinook,male,457,1,2,Mid-eye to fork of tail
7/20/2018,2018,Salmon River (Pitka Fork),Chinook,female,678,,,Mid-eye to fork of tail
7/20/2018,2018,Salmon River (Pitka Fork),Chinook,female,589,1,3,Mid-eye to fork of tail
7/20/2018,2018,Salmon River (Pitka Fork),Chinook,female,709,1,4,Mid-eye to fork of tail
7/21/2018,2018,Salmon River (Pitka Fork),Chinook,male,783,1,4,Mid-eye to fork of tail
7/21/2018,2018,Salmon River (Pitka Fork),Chinook,female,707,1,4,Mid-eye to fork of tail
7/21/2018,2018,Salmon River (Pitka Fork),Chinook,male,691,1,3,Mid-eye to fork of tail
7/21/2018,2018,Salmon River (Pitka Fork),Chinook,male,656,1,3,Mid-eye to fork of tail
7/21/2018,2018,Salmon River (Pitka Fork),Chinook,male,728,1,3,Mid-eye to fork of tail
7/21/2018,2018,Salmon River (Pitka Fork),Chinook,female,664,1,3,Mid-eye to fork of tail
7/21/2018,2018,Salmon River (Pitka Fork),Chinook,female,726,1,4,Mid-eye to fork of tail
7/21/2018,2018,Salmon River (Pitka Fork),Chinook,female,778,1,4,Mid-eye to fork of tail
7/21/2018,2018,Salmon River (Pitka Fork),Chinook,male,776,1,4,Mid-eye to fork of tail
7/21/2018,2018,Salmon River (Pitka Fork),Chinook,male,634,1,3,Mid-eye to fork of tail
7/21/2018,2018,Salmon River (Pitka Fork),Chinook,male,558,1,3,Mid-eye to fork of tail
7/21/2018,2018,Salmon River (Pitka Fork),Chinook,male,663,1,3,Mid-eye to fork of tail
7/21/2018,2018,Salmon River (Pitka Fork),Chinook,male,810,1,3,Mid-eye to fork of tail
7/21/2018,2018,Salmon River (Pitka Fork),Chinook,male,684,1,4,Mid-eye to fork of tail
7/21/2018,2018,Salmon River (Pitka Fork),Chinook,female,642,1,3,Mid-eye to fork of tail
7/21/2018,2018,Salmon River (Pitka Fork),Chinook,male,683,1,3,Mid-eye to fork of tail
7/21/2018,2018,Salmon River (Pitka Fork),Chinook,male,621,1,3,Mid-eye to fork of tail
7/21/2018,2018,Salmon River (Pitka Fork),Chinook,male,664,1,3,Mid-eye to fork of tail
7/21/2018,2018,Salmon River (Pitka Fork),Chinook,female,646,1,4,Mid-eye to fork of tail
7/21/2018,2018,Salmon River (Pitka Fork),Chinook,male,482,1,2,Mid-eye to fork of tail
7/21/2018,2018,Salmon River (Pitka Fork),Chinook,male,636,1,3,Mid-eye to fork of tail
7/21/2018,2018,Salmon River (Pitka Fork),Chinook,male,651,1,3,Mid-eye to fork of tail
7/21/2018,2018,Salmon River (Pitka Fork),Chinook,male,694,1,3,Mid-eye to fork of tail
7/21/2018,2018,Salmon River (Pitka Fork),Chinook,female,686,1,4,Mid-eye to fork of tail
7/22/2018,2018,Salmon River (Pitka Fork),Chinook,male,617,1,3,Mid-eye to fork of tail
7/22/2018,2018,Salmon River (Pitka Fork),Chinook,female,732,1,4,Mid-eye to fork of tail
7/22/2018,2018,Salmon River (Pitka Fork),Chinook,female,719,1,3,Mid-eye to fork of tail
7/22/2018,2018,Salmon River (Pitka Fork),Chinook,female,708,1,3,Mid-eye to fork of tail
7/22/2018,2018,Salmon River (Pitka Fork),Chinook,female,706,,3,Mid-eye to fork of tail
7/22/2018,2018,Salmon River (Pitka Fork),Chinook,female,693,1,3,Mid-eye to fork of tail
7/22/2018,2018,Salmon River (Pitka Fork),Chinook,female,710,1,4,Mid-eye to fork of tail
7/22/2018,2018,Salmon River (Pitka Fork),Chinook,male,704,1,3,Mid-eye to fork of tail
7/22/2018,2018,Salmon River (Pitka Fork),Chinook,female,787,1,4,Mid-eye to fork of tail
7/22/2018,2018,Salmon River (Pitka Fork),Chinook,female,722,,4,Mid-eye to fork of tail
7/22/2018,2018,Salmon River (Pitka Fork),Chinook,female,648,1,3,Mid-eye to fork of tail
7/22/2018,2018,Salmon River (Pitka Fork),Chinook,female,692,1,3,Mid-eye to fork of tail
7/22/2018,2018,Salmon River (Pitka Fork),Chinook,male,753,,,Mid-eye to fork of tail
7/22/2018,2018,Salmon River (Pitka Fork),Chinook,male,813,1,4,Mid-eye to fork of tail
7/22/2018,2018,Salmon River (Pitka Fork),Chinook,male,721,,3,Mid-eye to fork of tail
7/22/2018,2018,Salmon River (Pitka Fork),Chinook,female,736,1,4,Mid-eye to fork of tail
7/22/2018,2018,Salmon River (Pitka Fork),Chinook,female,637,,,Mid-eye to fork of tail
7/22/2018,2018,Salmon River (Pitka Fork),Chinook,male,514,1,2,Mid-eye to fork of tail
7/22/2018,2018,Salmon River (Pitka Fork),Chinook,male,742,1,3,Mid-eye to fork of tail
7/22/2018,2018,Salmon River (Pitka Fork),Chinook,male,819,1,3,Mid-eye to fork of tail
7/22/2018,2018,Salmon River (Pitka Fork),Chinook,female,761,,4,Mid-eye to fork of tail
7/22/2018,2018,Salmon River (Pitka Fork),Chinook,male,712,1,3,Mid-eye to fork of tail
7/22/2018,2018,Salmon River (Pitka Fork),Chinook,female,704,,3,Mid-eye to fork of tail
7/22/2018,2018,Salmon River (Pitka Fork),Chinook,male,567,1,2,Mid-eye to fork of tail
7/22/2018,2018,Salmon River (Pitka Fork),Chinook,male,593,,,Mid-eye to fork of tail
7/22/2018,2018,Salmon River (Pitka Fork),Chinook,female,756,1,4,Mid-eye to fork of tail
7/22/2018,2018,Salmon River (Pitka Fork),Chinook,female,757,,4,Mid-eye to fork of tail
7/22/2018,2018,Salmon River (Pitka Fork),Chinook,female,678,,3,Mid-eye to fork of tail
7/22/2018,2018,Salmon River (Pitka Fork),Chinook,male,639,1,3,Mid-eye to fork of tail
7/22/2018,2018,Salmon River (Pitka Fork),Chinook,male,507,1,2,Mid-eye to fork of tail
7/22/2018,2018,Salmon River (Pitka Fork),Chinook,male,501,1,2,Mid-eye to fork of tail
7/22/2018,2018,Salmon River (Pitka Fork),Chinook,male,506,1,2,Mid-eye to fork of tail
7/22/2018,2018,Salmon River (Pitka Fork),Chinook,male,649,1,3,Mid-eye to fork of tail
7/23/2018,2018,Salmon River (Pitka Fork),Chinook,male,842,1,4,Mid-eye to fork of tail
7/23/2018,2018,Salmon River (Pitka Fork),Chinook,female,716,1,3,Mid-eye to fork of tail
7/23/2018,2018,Salmon River (Pitka Fork),Chinook,male,726,1,3,Mid-eye to fork of tail
7/23/2018,2018,Salmon River (Pitka Fork),Chinook,male,667,1,3,Mid-eye to fork of tail
7/23/2018,2018,Salmon River (Pitka Fork),Chinook,male,738,1,3,Mid-eye to fork of tail
7/23/2018,2018,Salmon River (Pitka Fork),Chinook,female,703,1,3,Mid-eye to fork of tail
7/23/2018,2018,Salmon River (Pitka Fork),Chinook,female,616,1,3,Mid-eye to fork of tail
7/23/2018,2018,Salmon River (Pitka Fork),Chinook,male,633,1,3,Mid-eye to fork of tail
7/23/2018,2018,Salmon River (Pitka Fork),Chinook,male,527,1,2,Mid-eye to fork of tail
7/23/2018,2018,Salmon River (Pitka Fork),Chinook,male,639,1,2,Mid-eye to fork of tail
7/23/2018,2018,Salmon River (Pitka Fork),Chinook,male,615,1,3,Mid-eye to fork of tail
7/24/2018,2018,Salmon River (Pitka Fork),Chinook,male,776,1,3,Mid-eye to fork of tail
7/24/2018,2018,Salmon River (Pitka Fork),Chinook,female,755,1,4,Mid-eye to fork of tail
7/24/2018,2018,Salmon River (Pitka Fork),Chinook,female,836,,,Mid-eye to fork of tail
7/24/2018,2018,Salmon River (Pitka Fork),Chinook,female,639,1,3,Mid-eye to fork of tail
7/24/2018,2018,Salmon River (Pitka Fork),Chinook,male,734,1,3,Mid-eye to fork of tail
7/24/2018,2018,Salmon River (Pitka Fork),Chinook,female,608,1,3,Mid-eye to fork of tail
7/24/2018,2018,Salmon River (Pitka Fork),Chinook,male,533,1,2,Mid-eye to fork of tail
7/24/2018,2018,Salmon River (Pitka Fork),Chinook,female,664,1,3,Mid-eye to fork of tail
7/25/2018,2018,Salmon River (Pitka Fork),Chinook,female,674,1,4,Mid-eye to fork of tail
7/25/2018,2018,Salmon River (Pitka Fork),Chinook,female,767,1,4,Mid-eye to fork of tail
7/25/2018,2018,Salmon River (Pitka Fork),Chinook,female,751,1,3,Mid-eye to fork of tail
7/25/2018,2018,Salmon River (Pitka Fork),Chinook,male,683,1,3,Mid-eye to fork of tail
7/25/2018,2018,Salmon River (Pitka Fork),Chinook,female,642,1,4,Mid-eye to fork of tail
7/25/2018,2018,Salmon River (Pitka Fork),Chinook,female,703,1,4,Mid-eye to fork of tail
7/25/2018,2018,Salmon River (Pitka Fork),Chinook,female,720,1,3,Mid-eye to fork of tail
7/25/2018,2018,Salmon River (Pitka Fork),Chinook,male,739,1,4,Mid-eye to fork of tail
7/25/2018,2018,Salmon River (Pitka Fork),Chinook,female,684,,3,Mid-eye to fork of tail
7/26/2018,2018,Salmon River (Pitka Fork),Chinook,female,761,1,4,Mid-eye to fork of tail
7/26/2018,2018,Salmon River (Pitka Fork),Chinook,male,652,,3,Mid-eye to fork of tail
7/26/2018,2018,Salmon River (Pitka Fork),Chinook,female,694,1,3,Mid-eye to fork of tail
7/26/2018,2018,Salmon River (Pitka Fork),Chinook,female,759,1,4,Mid-eye to fork of tail
7/26/2018,2018,Salmon River (Pitka Fork),Chinook,female,637,1,3,Mid-eye to fork of tail
7/26/2018,2018,Salmon River (Pitka Fork),Chinook,female,638,1,3,Mid-eye to fork of tail
7/26/2018,2018,Salmon River (Pitka Fork),Chinook,male,506,1,2,Mid-eye to fork of tail
7/26/2018,2018,Salmon River (Pitka Fork),Chinook,female,788,1,3,Mid-eye to fork of tail
7/26/2018,2018,Salmon River (Pitka Fork),Chinook,female,682,1,3,Mid-eye to fork of tail
7/26/2018,2018,Salmon River (Pitka Fork),Chinook,female,672,1,3,Mid-eye to fork of tail
7/27/2018,2018,Salmon River (Pitka Fork),Chinook,female,664,1,3,Mid-eye to fork of tail
7/27/2018,2018,Salmon River (Pitka Fork),Chinook,male,767,1,4,Mid-eye to fork of tail
7/27/2018,2018,Salmon River (Pitka Fork),Chinook,male,606,1,3,Mid-eye to fork of tail
7/27/2018,2018,Salmon River (Pitka Fork),Chinook,female,704,1,4,Mid-eye to fork of tail
7/27/2018,2018,Salmon River (Pitka Fork),Chinook,female,658,1,3,Mid-eye to fork of tail
7/27/2018,2018,Salmon River (Pitka Fork),Chinook,male,796,1,4,Mid-eye to fork of tail
7/27/2018,2018,Salmon River (Pitka Fork),Chinook,male,669,,,Mid-eye to fork of tail
7/27/2018,2018,Salmon River (Pitka Fork),Chinook,male,738,1,3,Mid-eye to fork of tail
7/27/2018,2018,Salmon River (Pitka Fork),Chinook,male,517,1,2,Mid-eye to fork of tail
7/27/2018,2018,Salmon River (Pitka Fork),Chinook,male,672,1,3,Mid-eye to fork of tail
7/28/2018,2018,Salmon River (Pitka Fork),Chinook,male,447,1,2,Mid-eye to fork of tail
7/28/2018,2018,Salmon River (Pitka Fork),Chinook,female,793,1,4,Mid-eye to fork of tail
7/28/2018,2018,Salmon River (Pitka Fork),Chinook,male,644,1,3,Mid-eye to fork of tail
7/28/2018,2018,Salmon River (Pitka Fork),Chinook,female,647,1,4,Mid-eye to fork of tail
7/28/2018,2018,Salmon River (Pitka Fork),Chinook,male,731,,,Mid-eye to fork of tail
7/28/2018,2018,Salmon River (Pitka Fork),Chinook,female,698,1,3,Mid-eye to fork of tail
7/28/2018,2018,Salmon River (Pitka Fork),Chinook,female,640,1,3,Mid-eye to fork of tail
7/29/2018,2018,Salmon River (Pitka Fork),Chinook,male,696,1,3,Mid-eye to fork of tail
7/29/2018,2018,Salmon River (Pitka Fork),Chinook,female,783,,4,Mid-eye to fork of tail
7/29/2018,2018,Salmon River (Pitka Fork),Chinook,male,704,1,3,Mid-eye to fork of tail
7/29/2018,2018,Salmon River (Pitka Fork),Chinook,male,653,1,3,Mid-eye to fork of tail
7/29/2018,2018,Salmon River (Pitka Fork),Chinook,male,491,1,2,Mid-eye to fork of tail
7/29/2018,2018,Salmon River (Pitka Fork),Chinook,male,629,1,3,Mid-eye to fork of tail
7/29/2018,2018,Salmon River (Pitka Fork),Chinook,female,723,1,3,Mid-eye to fork of tail
7/29/2018,2018,Salmon River (Pitka Fork),Chinook,male,617,,,Mid-eye to fork of tail
6/30/2019,2019,Salmon River (Pitka Fork),Chinook,male,588,,,Mid-eye to fork of tail
6/30/2019,2019,Salmon River (Pitka Fork),Chinook,female,774,1,4,Mid-eye to fork of tail
6/30/2019,2019,Salmon River (Pitka Fork),Chinook,female,743,1,4,Mid-eye to fork of tail
6/30/2019,2019,Salmon River (Pitka Fork),Chinook,female,751,1,4,Mid-eye to fork of tail
6/30/2019,2019,Salmon River (Pitka Fork),Chinook,male,564,,2,Mid-eye to fork of tail
6/30/2019,2019,Salmon River (Pitka Fork),Chinook,female,773,1,3,Mid-eye to fork of tail
6/30/2019,2019,Salmon River (Pitka Fork),Chinook,male,627,1,2,Mid-eye to fork of tail
6/30/2019,2019,Salmon River (Pitka Fork),Chinook,male,597,1,3,Mid-eye to fork of tail
6/30/2019,2019,Salmon River (Pitka Fork),Chinook,male,536,1,2,Mid-eye to fork of tail
6/30/2019,2019,Salmon River (Pitka Fork),Chinook,male,497,1,2,Mid-eye to fork of tail
7/1/2019,2019,Salmon River (Pitka Fork),Chinook,female,825,1,4,Mid-eye to fork of tail
7/1/2019,2019,Salmon River (Pitka Fork),Chinook,female,671,1,3,Mid-eye to fork of tail
7/1/2019,2019,Salmon River (Pitka Fork),Chinook,male,815,1,4,Mid-eye to fork of tail
7/1/2019,2019,Salmon River (Pitka Fork),Chinook,male,578,1,3,Mid-eye to fork of tail
7/1/2019,2019,Salmon River (Pitka Fork),Chinook,male,711,1,3,Mid-eye to fork of tail
7/2/2019,2019,Salmon River (Pitka Fork),Chinook,male,798,1,4,Mid-eye to fork of tail
7/2/2019,2019,Salmon River (Pitka Fork),Chinook,male,760,1,4,Mid-eye to fork of tail
7/2/2019,2019,Salmon River (Pitka Fork),Chinook,female,896,1,4,Mid-eye to fork of tail
7/5/2019,2019,Salmon River (Pitka Fork),Chinook,female,789,1,4,Mid-eye to fork of tail
7/5/2019,2019,Salmon River (Pitka Fork),Chinook,male,689,1,3,Mid-eye to fork of tail
7/5/2019,2019,Salmon River (Pitka Fork),Chinook,female,636,1,3,Mid-eye to fork of tail
7/5/2019,2019,Salmon River (Pitka Fork),Chinook,male,718,,3,Mid-eye to fork of tail
7/5/2019,2019,Salmon River (Pitka Fork),Chinook,female,763,1,3,Mid-eye to fork of tail
7/5/2019,2019,Salmon River (Pitka Fork),Chinook,male,689,1,3,Mid-eye to fork of tail
7/5/2019,2019,Salmon River (Pitka Fork),Chinook,male,530,1,2,Mid-eye to fork of tail
7/5/2019,2019,Salmon River (Pitka Fork),Chinook,male,508,1,2,Mid-eye to fork of tail
7/5/2019,2019,Salmon River (Pitka Fork),Chinook,male,511,1,2,Mid-eye to fork of tail
7/6/2019,2019,Salmon River (Pitka Fork),Chinook,male,685,1,4,Mid-eye to fork of tail
7/6/2019,2019,Salmon River (Pitka Fork),Chinook,female,717,1,3,Mid-eye to fork of tail
7/6/2019,2019,Salmon River (Pitka Fork),Chinook,female,738,1,4,Mid-eye to fork of tail
7/6/2019,2019,Salmon River (Pitka Fork),Chinook,male,906,1,4,Mid-eye to fork of tail
7/6/2019,2019,Salmon River (Pitka Fork),Chinook,male,460,1,2,Mid-eye to fork of tail
7/6/2019,2019,Salmon River (Pitka Fork),Chinook,male,659,1,3,Mid-eye to fork of tail
7/6/2019,2019,Salmon River (Pitka Fork),Chinook,female,708,1,3,Mid-eye to fork of tail
7/6/2019,2019,Salmon River (Pitka Fork),Chinook,female,759,1,4,Mid-eye to fork of tail
7/6/2019,2019,Salmon River (Pitka Fork),Chinook,male,542,,,Mid-eye to fork of tail
7/6/2019,2019,Salmon River (Pitka Fork),Chinook,male,600,1,2,Mid-eye to fork of tail
7/6/2019,2019,Salmon River (Pitka Fork),Chinook,male,741,1,3,Mid-eye to fork of tail
7/6/2019,2019,Salmon River (Pitka Fork),Chinook,male,677,1,3,Mid-eye to fork of tail
7/6/2019,2019,Salmon River (Pitka Fork),Chinook,female,702,1,3,Mid-eye to fork of tail
7/6/2019,2019,Salmon River (Pitka Fork),Chinook,male,787,1,3,Mid-eye to fork of tail
7/6/2019,2019,Salmon River (Pitka Fork),Chinook,male,658,,,Mid-eye to fork of tail
7/6/2019,2019,Salmon River (Pitka Fork),Chinook,male,680,,3,Mid-eye to fork of tail
7/6/2019,2019,Salmon River (Pitka Fork),Chinook,male,582,1,2,Mid-eye to fork of tail
7/6/2019,2019,Salmon River (Pitka Fork),Chinook,male,560,1,2,Mid-eye to fork of tail
7/6/2019,2019,Salmon River (Pitka Fork),Chinook,female,747,1,4,Mid-eye to fork of tail
7/6/2019,2019,Salmon River (Pitka Fork),Chinook,female,646,1,3,Mid-eye to fork of tail
7/6/2019,2019,Salmon River (Pitka Fork),Chinook,male,509,1,2,Mid-eye to fork of tail
7/7/2019,2019,Salmon River (Pitka Fork),Chinook,female,755,1,4,Mid-eye to fork of tail
7/7/2019,2019,Salmon River (Pitka Fork),Chinook,female,693,1,4,Mid-eye to fork of tail
7/7/2019,2019,Salmon River (Pitka Fork),Chinook,female,826,1,4,Mid-eye to fork of tail
7/7/2019,2019,Salmon River (Pitka Fork),Chinook,male,684,1,3,Mid-eye to fork of tail
7/7/2019,2019,Salmon River (Pitka Fork),Chinook,male,791,1,4,Mid-eye to fork of tail
7/7/2019,2019,Salmon River (Pitka Fork),Chinook,male,726,1,3,Mid-eye to fork of tail
7/7/2019,2019,Salmon River (Pitka Fork),Chinook,male,843,,4,Mid-eye to fork of tail
7/7/2019,2019,Salmon River (Pitka Fork),Chinook,male,795,1,4,Mid-eye to fork of tail
7/7/2019,2019,Salmon River (Pitka Fork),Chinook,male,690,1,3,Mid-eye to fork of tail
7/7/2019,2019,Salmon River (Pitka Fork),Chinook,male,875,1,4,Mid-eye to fork of tail
7/7/2019,2019,Salmon River (Pitka Fork),Chinook,female,790,,,Mid-eye to fork of tail
7/8/2019,2019,Salmon River (Pitka Fork),Chinook,male,677,1,3,Mid-eye to fork of tail
7/8/2019,2019,Salmon River (Pitka Fork),Chinook,female,758,1,4,Mid-eye to fork of tail
7/8/2019,2019,Salmon River (Pitka Fork),Chinook,male,860,1,4,Mid-eye to fork of tail
7/8/2019,2019,Salmon River (Pitka Fork),Chinook,male,819,1,3,Mid-eye to fork of tail
7/8/2019,2019,Salmon River (Pitka Fork),Chinook,female,723,1,4,Mid-eye to fork of tail
7/8/2019,2019,Salmon River (Pitka Fork),Chinook,male,674,1,3,Mid-eye to fork of tail
7/8/2019,2019,Salmon River (Pitka Fork),Chinook,male,688,1,3,Mid-eye to fork of tail
7/8/2019,2019,Salmon River (Pitka Fork),Chinook,female,853,1,4,Mid-eye to fork of tail
7/8/2019,2019,Salmon River (Pitka Fork),Chinook,male,837,1,4,Mid-eye to fork of tail
7/8/2019,2019,Salmon River (Pitka Fork),Chinook,female,791,1,4,Mid-eye to fork of tail
7/8/2019,2019,Salmon River (Pitka Fork),Chinook,female,716,1,3,Mid-eye to fork of tail
7/8/2019,2019,Salmon River (Pitka Fork),Chinook,male,638,1,3,Mid-eye to fork of tail
7/8/2019,2019,Salmon River (Pitka Fork),Chinook,male,548,1,2,Mid-eye to fork of tail
7/8/2019,2019,Salmon River (Pitka Fork),Chinook,male,577,,,Mid-eye to fork of tail
7/9/2019,2019,Salmon River (Pitka Fork),Chinook,male,721,1,4,Mid-eye to fork of tail
7/9/2019,2019,Salmon River (Pitka Fork),Chinook,male,869,1,4,Mid-eye to fork of tail
7/9/2019,2019,Salmon River (Pitka Fork),Chinook,female,669,1,3,Mid-eye to fork of tail
7/9/2019,2019,Salmon River (Pitka Fork),Chinook,male,918,1,3,Mid-eye to fork of tail
7/9/2019,2019,Salmon River (Pitka Fork),Chinook,male,643,1,3,Mid-eye to fork of tail
7/9/2019,2019,Salmon River (Pitka Fork),Chinook,male,721,1,4,Mid-eye to fork of tail
7/9/2019,2019,Salmon River (Pitka Fork),Chinook,female,687,1,3,Mid-eye to fork of tail
7/10/2019,2019,Salmon River (Pitka Fork),Chinook,female,724,1,3,Mid-eye to fork of tail
7/10/2019,2019,Salmon River (Pitka Fork),Chinook,male,487,,,Mid-eye to fork of tail
7/10/2019,2019,Salmon River (Pitka Fork),Chinook,male,738,1,,Mid-eye to fork of tail
7/10/2019,2019,Salmon River (Pitka Fork),Chinook,male,629,1,,Mid-eye to fork of tail
7/10/2019,2019,Salmon River (Pitka Fork),Chinook,female,723,1,,Mid-eye to fork of tail
7/10/2019,2019,Salmon River (Pitka Fork),Chinook,male,803,1,,Mid-eye to fork of tail
7/10/2019,2019,Salmon River (Pitka Fork),Chinook,female,694,1,,Mid-eye to fork of tail
7/10/2019,2019,Salmon River (Pitka Fork),Chinook,female,693,1,,Mid-eye to fork of tail
7/12/2019,2019,Salmon River (Pitka Fork),Chinook,female,793,1,4,Mid-eye to fork of tail
7/12/2019,2019,Salmon River (Pitka Fork),Chinook,male,789,1,4,Mid-eye to fork of tail
7/12/2019,2019,Salmon River (Pitka Fork),Chinook,male,748,1,3,Mid-eye to fork of tail
7/12/2019,2019,Salmon River (Pitka Fork),Chinook,male,753,1,4,Mid-eye to fork of tail
7/12/2019,2019,Salmon River (Pitka Fork),Chinook,female,780,1,4,Mid-eye to fork of tail
7/12/2019,2019,Salmon River (Pitka Fork),Chinook,male,746,1,3,Mid-eye to fork of tail
7/12/2019,2019,Salmon River (Pitka Fork),Chinook,male,707,1,3,Mid-eye to fork of tail
7/12/2019,2019,Salmon River (Pitka Fork),Chinook,male,833,1,4,Mid-eye to fork of tail
7/12/2019,2019,Salmon River (Pitka Fork),Chinook,female,665,1,3,Mid-eye to fork of tail
7/12/2019,2019,Salmon River (Pitka Fork),Chinook,female,718,,3,Mid-eye to fork of tail
7/13/2019,2019,Salmon River (Pitka Fork),Chinook,female,711,,3,Mid-eye to fork of tail
7/13/2019,2019,Salmon River (Pitka Fork),Chinook,female,848,2,4,Mid-eye to fork of tail
7/13/2019,2019,Salmon River (Pitka Fork),Chinook,male,839,1,4,Mid-eye to fork of tail
7/13/2019,2019,Salmon River (Pitka Fork),Chinook,female,692,1,4,Mid-eye to fork of tail
7/13/2019,2019,Salmon River (Pitka Fork),Chinook,female,827,1,4,Mid-eye to fork of tail
7/13/2019,2019,Salmon River (Pitka Fork),Chinook,male,707,1,3,Mid-eye to fork of tail
7/13/2019,2019,Salmon River (Pitka Fork),Chinook,female,830,,4,Mid-eye to fork of tail
7/13/2019,2019,Salmon River (Pitka Fork),Chinook,male,704,1,3,Mid-eye to fork of tail
7/13/2019,2019,Salmon River (Pitka Fork),Chinook,male,740,1,4,Mid-eye to fork of tail
7/13/2019,2019,Salmon River (Pitka Fork),Chinook,female,759,1,3,Mid-eye to fork of tail
7/13/2019,2019,Salmon River (Pitka Fork),Chinook,female,723,1,3,Mid-eye to fork of tail
7/13/2019,2019,Salmon River (Pitka Fork),Chinook,male,752,1,4,Mid-eye to fork of tail
7/13/2019,2019,Salmon River (Pitka Fork),Chinook,female,802,1,4,Mid-eye to fork of tail
7/13/2019,2019,Salmon River (Pitka Fork),Chinook,male,730,1,3,Mid-eye to fork of tail
7/13/2019,2019,Salmon River (Pitka Fork),Chinook,male,695,1,3,Mid-eye to fork of tail
7/13/2019,2019,Salmon River (Pitka Fork),Chinook,male,808,,4,Mid-eye to fork of tail
7/14/2019,2019,Salmon River (Pitka Fork),Chinook,male,557,1,2,Mid-eye to fork of tail
7/14/2019,2019,Salmon River (Pitka Fork),Chinook,male,727,1,3,Mid-eye to fork of tail
7/14/2019,2019,Salmon River (Pitka Fork),Chinook,male,704,1,3,Mid-eye to fork of tail
7/14/2019,2019,Salmon River (Pitka Fork),Chinook,female,648,,,Mid-eye to fork of tail
7/14/2019,2019,Salmon River (Pitka Fork),Chinook,male,660,1,2,Mid-eye to fork of tail
7/14/2019,2019,Salmon River (Pitka Fork),Chinook,male,871,1,4,Mid-eye to fork of tail
7/14/2019,2019,Salmon River (Pitka Fork),Chinook,female,793,1,4,Mid-eye to fork of tail
7/14/2019,2019,Salmon River (Pitka Fork),Chinook,female,868,1,4,Mid-eye to fork of tail
7/14/2019,2019,Salmon River (Pitka Fork),Chinook,female,680,1,4,Mid-eye to fork of tail
7/14/2019,2019,Salmon River (Pitka Fork),Chinook,male,592,1,3,Mid-eye to fork of tail
7/14/2019,2019,Salmon River (Pitka Fork),Chinook,male,574,,2,Mid-eye to fork of tail
7/14/2019,2019,Salmon River (Pitka Fork),Chinook,male,580,,,Mid-eye to fork of tail
7/14/2019,2019,Salmon River (Pitka Fork),Chinook,female,802,1,4,Mid-eye to fork of tail
7/14/2019,2019,Salmon River (Pitka Fork),Chinook,male,548,,2,Mid-eye to fork of tail
7/14/2019,2019,Salmon River (Pitka Fork),Chinook,male,477,1,2,Mid-eye to fork of tail
7/14/2019,2019,Salmon River (Pitka Fork),Chinook,male,674,,3,Mid-eye to fork of tail
7/16/2019,2019,Salmon River (Pitka Fork),Chinook,male,727,1,3,Mid-eye to fork of tail
7/16/2019,2019,Salmon River (Pitka Fork),Chinook,male,672,1,3,Mid-eye to fork of tail
7/16/2019,2019,Salmon River (Pitka Fork),Chinook,male,471,1,2,Mid-eye to fork of tail
7/16/2019,2019,Salmon River (Pitka Fork),Chinook,female,759,1,3,Mid-eye to fork of tail
7/17/2019,2019,Salmon River (Pitka Fork),Chinook,female,763,,4,Mid-eye to fork of tail
7/17/2019,2019,Salmon River (Pitka Fork),Chinook,male,805,,4,Mid-eye to fork of tail
7/17/2019,2019,Salmon River (Pitka Fork),Chinook,male,609,,3,Mid-eye to fork of tail
7/17/2019,2019,Salmon River (Pitka Fork),Chinook,male,736,1,4,Mid-eye to fork of tail
7/17/2019,2019,Salmon River (Pitka Fork),Chinook,male,594,1,3,Mid-eye to fork of tail
7/17/2019,2019,Salmon River (Pitka Fork),Chinook,male,640,1,2,Mid-eye to fork of tail
7/17/2019,2019,Salmon River (Pitka Fork),Chinook,female,768,1,4,Mid-eye to fork of tail
7/17/2019,2019,Salmon River (Pitka Fork),Chinook,male,590,1,2,Mid-eye to fork of tail
7/17/2019,2019,Salmon River (Pitka Fork),Chinook,male,638,1,3,Mid-eye to fork of tail
7/17/2019,2019,Salmon River (Pitka Fork),Chinook,female,719,1,3,Mid-eye to fork of tail
7/17/2019,2019,Salmon River (Pitka Fork),Chinook,female,699,1,3,Mid-eye to fork of tail
7/18/2019,2019,Salmon River (Pitka Fork),Chinook,male,580,1,2,Mid-eye to fork of tail
7/18/2019,2019,Salmon River (Pitka Fork),Chinook,female,700,1,4,Mid-eye to fork of tail
7/18/2019,2019,Salmon River (Pitka Fork),Chinook,male,556,1,2,Mid-eye to fork of tail
7/18/2019,2019,Salmon River (Pitka Fork),Chinook,male,540,1,2,Mid-eye to fork of tail
7/19/2019,2019,Salmon River (Pitka Fork),Chinook,male,775,1,4,Mid-eye to fork of tail
7/19/2019,2019,Salmon River (Pitka Fork),Chinook,male,896,1,4,Mid-eye to fork of tail
7/19/2019,2019,Salmon River (Pitka Fork),Chinook,male,629,1,2,Mid-eye to fork of tail
7/19/2019,2019,Salmon River (Pitka Fork),Chinook,male,585,,,Mid-eye to fork of tail
7/20/2019,2019,Salmon River (Pitka Fork),Chinook,male,828,1,4,Mid-eye to fork of tail
7/20/2019,2019,Salmon River (Pitka Fork),Chinook,female,689,1,4,Mid-eye to fork of tail
7/20/2019,2019,Salmon River (Pitka Fork),Chinook,male,676,1,3,Mid-eye to fork of tail
7/20/2019,2019,Salmon River (Pitka Fork),Chinook,male,537,1,3,Mid-eye to fork of tail
7/20/2019,2019,Salmon River (Pitka Fork),Chinook,male,875,1,4,Mid-eye to fork of tail
7/20/2019,2019,Salmon River (Pitka Fork),Chinook,female,788,1,4,Mid-eye to fork of tail
7/21/2019,2019,Salmon River (Pitka Fork),Chinook,female,837,1,4,Mid-eye to fork of tail
7/21/2019,2019,Salmon River (Pitka Fork),Chinook,male,766,1,4,Mid-eye to fork of tail
7/21/2019,2019,Salmon River (Pitka Fork),Chinook,male,586,1,3,Mid-eye to fork of tail
7/22/2019,2019,Salmon River (Pitka Fork),Chinook,male,755,1,3,Mid-eye to fork of tail
7/22/2019,2019,Salmon River (Pitka Fork),Chinook,male,781,,,Mid-eye to fork of tail
7/22/2019,2019,Salmon River (Pitka Fork),Chinook,male,822,1,3,Mid-eye to fork of tail
7/22/2019,2019,Salmon River (Pitka Fork),Chinook,male,699,1,3,Mid-eye to fork of tail
7/22/2019,2019,Salmon River (Pitka Fork),Chinook,male,624,1,2,Mid-eye to fork of tail
7/23/2019,2019,Salmon River (Pitka Fork),Chinook,male,745,1,4,Mid-eye to fork of tail
7/23/2019,2019,Salmon River (Pitka Fork),Chinook,male,585,1,2,Mid-eye to fork of tail
7/24/2019,2019,Salmon River (Pitka Fork),Chinook,male,675,1,3,Mid-eye to fork of tail
7/24/2019,2019,Salmon River (Pitka Fork),Chinook,male,702,1,3,Mid-eye to fork of tail
7/24/2019,2019,Salmon River (Pitka Fork),Chinook,male,635,1,3,Mid-eye to fork of tail
7/24/2019,2019,Salmon River (Pitka Fork),Chinook,female,721,1,4,Mid-eye to fork of tail
7/25/2019,2019,Salmon River (Pitka Fork),Chinook,female,843,1,4,Mid-eye to fork of tail
7/25/2019,2019,Salmon River (Pitka Fork),Chinook,male,642,1,4,Mid-eye to fork of tail
7/25/2019,2019,Salmon River (Pitka Fork),Chinook,male,754,1,4,Mid-eye to fork of tail
7/30/2019,2019,Salmon River (Pitka Fork),Chinook,female,666,1,4,Mid-eye to fork of tail
7/30/2019,2019,Salmon River (Pitka Fork),Chinook,male,731,1,3,Mid-eye to fork of tail
7/30/2019,2019,Salmon River (Pitka Fork),Chinook,male,792,1,3,Mid-eye to fork of tail
7/31/2019,2019,Salmon River (Pitka Fork),Chinook,male,802,1,4,Mid-eye to fork of tail
8/3/2019,2019,Salmon River (Pitka Fork),Chinook,male,706,1,3,Mid-eye to fork of tail
